POB,Kids,Married,FSES,YNatStat,EdArea,EdAchv,Occ,School,RelBack,SocBG,Region,AgeJoin,Cjoin,PlJoin,risk
110,1,1,0,2,4,4,1,4,1,3,3.5,32,1,1,3
41,1,1,0,1,4,4,3,4,1,3,1.3,38,1,1,3
41,1,1,1,1,4,4,1,4,1,3,1.3,,1,1,3
41,1,1,1,1,,4,1,4,1,3,1.3,32,1,1,3
41,1,1,2,1,2,4,3,2,0,3,1.3,51,98,1,3
41,,1,0,1,4,4,1,4,1,3,1.3,34,98,1,3
110,,,,2,,,1,,,,3.5,18,1,1,3
41,,1,1,1,4,4,1,4,1,0,1.3,37,1,1,3
110,,,0,1,,,,,,,3.5,,,,3
41,1,1,1,1,4,4,1,4,1,3,1.3,35,1,1,3
41,,,1,1,4,4,3,4,1,3,1.3,33,1,1,3
41,1,1,1,1,4,4,1,4,1,3,1.3,29,1,1,3
41,1,1,1,1,4,4,1,4,1,3,1.3,32,1,1,3
71,1,1,1,2,4,4,3,4,1,3,3.5,24,98,1,3
71,1,1,1,3,4,4,3,4,1,,3.5,27,1,1,3
68,1,1,0,1,2,4,1,2,1,3,3.5,24,1,1,3
41,1,1,0,1,4,4,3,4,1,3,1.3,25,110,1,3
68,1,1,1,2,2,4,3,4,0,0,3.5,29,1,1,3
62,1,1,,,2,2,3,,0,,3.5,31,98,1,3
77,,,,,,,,,,,1.3,18,1,1,3
41,,,1,1,4,4,1,4,1,3,1.3,29,98,1,3
121,,1,,1,1,4,0,4,1,0,1.3,26,1,1,3
41,1,1,,1,,4,3,4,1,0,1.3,24,68,1,3
74,1,1,1,1,4,4,3,2,2,0,3.5,29,1,1,3
41,,,2,1,4,4,3,4,1,0,1.3,27,110,1,3
41,1,1,1,1,4,4,1,4,1,0,1.3,41,1,1,3
41,,,,1,3,4,1,4,1,3,1.3,29,121,1,3
71,1,1,,1,2,6,3,,,0,3.5,29,71,0,3
41,1,1,1,1,5,4,3,4,0,0,1.3,32,1,1,3
41,,1,,1,4,4,3,4,1,3,1.3,30,1,1,3
41,,,,1,4,4,3,4,1,3,1.3,32,18,1,3
41,1,1,1,1,4,4,1,4,0,3,1.3,34,1,1,3
41,1,1,,1,4,4,1,4,1,3,1.3,28,1,1,3
41,,,2,1,,,,4,1,0,1.3,26,1,1,3
41,,,,1,4,6,3,4,1,3,1.3,31,140,1,3
110,,,0,1,4,4,1,4,0,0,3.5,18,1,1,3
140,,,,1,,,,,,,3.5,,1,1,3
41,1,1,1,1,2,2,0,4,0,0,1.3,30,41,0,2
41,1,1,1,1,4,4,1,4,1,0,1.3,37,1,1,3
41,1,1,0,1,4,4,1,4,1,0,1.3,25,138,1,3
71,1,1,1,2,4,4,1,4,1,0,3.5,21,1,1,2
71,,,1,2,4,6,3,4,1,0,3.5,25,98,1,2
98,,1,1,1,1,4,0,4,1,0,3.3,22,1,1,2
98,,,1,2,,6,1,4,1,0,3.3,20,98,0,2
110,,,1,1,1,4,0,4,,0,3.5,21,110,0,2
110,,,1,1,1,4,0,4,,0,3.5,20,1,1,2
110,,,1,1,1,4,0,4,,0,3.5,23,1,1,2
110,,,1,1,1,4,0,4,,0,3.5,20,1,1,2
86,1,1,1,1,4,6,3,4,1,0,1.3,27,65,1,2
110,1,1,1,2,4,6,1,4,0,0,3.5,28,1,1,2
144,1,1,2,1,2,6,1,2,0,0,1.1,18,98,1,2
128,,,2,1,1,4,0,4,1,0,,21,128,0,2
136,1,1,0,2,4,6,1,4,1,0,4.2,20,18,0,2
84,,1,1,1,4,4,3,2,0,0,1.5,23,48,1,2
110,,,,1,1,0,,4,,,3.5,23,1,1,2
136,,,0,1,1,4,0,4,0,0,4.2,19,110,1,2
126,1,1,1,3,4,6,1,4,0,0,3.5,30,48,1,2
126,1,1,1,3,,,1,4,1,0,3.5,36,48,1,2
60,,,1,3,,4,1,4,1,0,3.4,53,48,1,2
86,1,1,0,1,4,6,1,4,1,0,1.3,24,48,1,2
86,0,0,1,1,4,6,1,4,1,0,1.3,24,48,1,2
48,1,1,1,3,4,6,1,4,1,0,4.4,23,48,0,2
41,0,0,1,1,4,6,3,4,1,0,1.3,30,48,1,2
140,0,0,1,1,2,6,1,4,0,0,3.5,25,48,1,3
74,0,1,0,1,4,6,3,2,1,0,3.5,23,48,1,2
145,0,1,1,1,4,6,3,4,0,0,3.5,20,48,1,2
86,0,0,1,1,4,6,1,4,1,0,1.3,21,48,1,2
110,0,0,0,1,2,6,1,4,0,0,3.5,27,138,1,2
110,0,0,0,1,,,,4,1,0,3.5,18,110,0,2
110,,1,1,1,,,,4,1,0,3.5,21,,,2
110,,,0,1,,,,4,1,,3.5,20,110,0,2
110,0,0,0,1,4,6,1,4,1,0,3.5,21,110,0,2
110,0,0,0,1,2,4,1,4,0,0,3.5,25,110,0,2
110,0,0,0,1,2,6,1,4,0,0,3.5,20,110,0,2
110,,,1,1,1,4,0,4,1,0,3.5,19,110,0,2
110,,,1,1,4,6,1,4,1,0,3.5,20,110,0,2
110,,,1,1,1,4,0,4,0,0,3.5,19,110,0,2
110,1,1,,1,2,4,3,,,0,3.5,22,110,0,2
145,,,,1,4,6,1,4,1,0,3.5,24,110,1,2
110,,,1,1,,6,1,4,1,0,3.5,23,110,0,2
110,,,,1,,6,1,4,1,0,3.5,23,110,0,2
110,,,,1,,4,,4,1,0,3.5,20,110,0,2
110,,,1,1,2,4,3,4,1,0,3.5,20,110,0,2
110,1,1,1,1,,,,4,1,0,3.5,22,86,1,2
137,1,2,2,2,0,0,0,4,2,1,2.5,31,98,1,2
110,1,1,1,3,4,6,3,4,1,0,3.5,26,138,1,2
132,0,0,1,1,1,0,0,4,1,0,1.3,19,24,1,2
137,1,1,1,3,,,,,0,0,2.5,21,140,1,2
68,0,0,2,2,1,4,0,4,1,1,3.5,23,48,1,2
16,1,1,0,2,4,4,1,4,1,0,4.3,25,18,1,2
98,0,0,2,3,2,6,0,4,0,0,3.3,22,98,0,2
140,,,,,,,,,,,3.5,,,,2
140,,,,,,,,,,,3.5,,,,2
24,0,0,1,3,1,4,0,2,1,0,2.5,19,1,1,2
11,0,0,1,3,1,4,0,2,1,0,3.5,18,1,1,2
24,0,0,1,3,1,4,0,2,0,0,2.5,15,1,1,2
71,0,1,0,3,1,4,0,3,1,0,3.5,17,24,1,2
62,,0,2,3,1,4,0,4,1,0,3.5,19,71,0,2
110,,1,,1,2,6,0,4,0,0,3.5,20,110,0,2
110,1,1,2,1,1,4,0,4,2,1,3.5,37,110,0,2
110,,1,1,1,2,2,0,4,1,0,3.5,20,110,0,2
110,,,,1,,,,,,0,3.5,18,110,0,2
110,,,,1,,,,,,,3.5,,110,0,2
104,1,1,1,0,1,1,0,4,2,0,4.1,28,48,1,2
140,1,1,1,1,,,1,,,0,3.5,39,1,1,2
140,,1,1,1,,,1,,,,3.5,,,,2
140,1,1,0,3,,,3,4,1,3,3.5,22,1,1,2
140,1,1,1,1,,,1,,,0,3.5,21,1,1,2
98,1,1,0,3,4,4,1,4,1,0,3.3,29,18,1,2
140,0,0,1,2,4,4,1,4,1,0,3.5,26,18,1,2
136,0,0,1,2,4,6,0,4,1,0,4.2,18,18,0,2
136,0,0,1,2,4,4,0,4,1,0,4.2,21,18,0,2
136,0,0,1,2,1,4,0,4,1,0,4.2,17,18,0,2
3,0,0,,1,,,,4,1,0,1.3,25,18,1,2
3,,,1,1,,,,4,1,,1.3,,18,1,2
136,0,0,1,2,1,4,0,4,1,0,4.2,19,18,0,2
136,0,0,1,2,4,4,1,4,1,0,4.2,23,18,0,2
140,,,,1,,,,,,0,3.5,19,140,0,2
3,,,1,1,2,4,3,4,1,,1.3,33,140,1,2
140,,,1,1,,,1,,,,3.5,34,1,1,2
110,1,1,1,1,1,4,1,4,1,3,3.5,18,1,1,2
71,,,0,1,1,4,0,4,0,0,3.5,16,71,0,2
71,,,0,1,,,1,4,1,0,3.5,19,71,0,2
71,,,1,1,1,4,1,4,1,0,3.5,18,71,0,2
71,,,1,1,1,4,1,4,1,0,3.5,27,71,0,2
71,,,1,1,,6,1,4,1,3,3.5,29,71,0,2
71,,,1,1,4,6,1,4,1,0,3.5,35,71,0,2
110,,,1,1,2,4,3,4,0,0,3.5,,1,1,2
110,1,1,1,1,2,6,3,4,1,0,3.5,18,1,1,2
110,1,1,0,1,1,4,0,4,1,0,3.5,17,1,1,2
110,,,0,1,6,4,3,4,0,3,3.5,,110,0,2
86,1,1,2,1,0,1,,2,1,0,1.3,,,,2
110,1,1,1,1,2,2,3,4,0,0,3.5,19,110,0,1
110,1,1,2,1,1,0,0,4,0,1,3.5,20,110,0,2
110,,,2,1,1,2,0,4,0,1,3.5,16,110,0,2
110,,,2,1,1,1,0,4,1,,3.5,30,110,0,2
110,0,1,2,1,1,4,0,4,1,0,3.5,27,110,0,2
133,1,1,1,2,2,6,0,4,1,3,3.5,18,133,0,2
133,1,1,1,2,1,4,0,4,1,3,3.5,20,133,0,2
133,0,0,0,2,1,4,0,4,1,0,3.5,18,133,0,2
133,1,1,1,2,1,6,0,4,1,3,3.5,21,98,1,2
133,,,1,1,2,6,0,4,1,,3.5,22,98,1,2
133,1,1,1,1,1,4,0,4,1,0,3.5,39,133,0,2
133,,,1,1,,,,4,1,,3.5,,133,0,2
133,,,1,1,,,,4,1,,3.5,,133,0,2
133,1,1,1,1,2,4,3,4,1,,3.5,,133,0,2
133,,,1,1,3,6,,4,0,3,3.5,18,98,1,2
133,0,1,1,1,2,4,0,4,1,0,3.5,20,133,0,2
86,,,1,1,,,,4,1,0,1.3,26,48,1,2
133,,,1,1,2,4,,4,1,0,3.5,,,,2
60,1,1,1,1,2,6,3,2,0,3,3.4,61,60,1,3
60,2,1,1,1,2,6,3,2,0,3,3.4,52,81,1,3
60,,1,1,1,2,6,1,4,1,0,3.4,25,60,1,3
103,0,1,1,2,2,4,3,2,1,0,3.4,26,1,1,2
60,1,1,1,1,2,2,3,1,0,0,3.4,29,81,1,3
60,1,1,1,1,2,4,3,2,0,0,3.4,30,81,1,3
71,1,1,1,1,,,,,,0,3.5,20,1,1,2
60,1,1,1,1,,,,2,0,0,3.4,24,81,1,2
60,1,1,1,1,2,6,1,2,0,0,3.4,18,81,1,2
60,1,1,1,1,6,4,3,4,1,0,3.4,21,60,0,2
60,1,1,1,1,1,4,0,2,0,2,3.4,31,81,1,2
60,1,2,1,1,1,4,0,4,1,0,3.4,30,81,1,2
60,1,1,1,1,0,2,3,2,1,0,3.4,18,98,1,2
81,1,1,1,1,6,4,3,4,2,0,3.4,33,81,0,2
60,1,1,1,1,2,2,3,4,0,0,3.4,26,60,0,2
60,1,1,1,1,1,4,3,2,0,0,3.4,20,81,1,2
103,,,1,1,,,,,,,3.4,19,1,1,2
114,,,1,1,1,4,0,4,1,0,3.4,29,114,0,2
81,,,0,2,4,4,3,4,1,0,3.4,29,114,1,2
114,,,1,3,4,4,3,4,1,0,3.4,30,114,0,2
81,,,1,2,4,6,1,4,1,0,3.4,20,1,1,2
60,1,1,1,1,1,4,0,2,0,0,3.4,,81,1,2
60,3,1,1,1,4,6,3,2,0,0,3.4,,81,1,2
81,1,1,1,1,4,4,3,4,1,0,3.4,33,81,0,2
60,,1,1,1,6,2,2,1,0,0,3.4,26,1,1,3
60,,,,1,0,0,2,0,,,3.4,23,81,1,2
80,5,2,1,3,5,5,3,4,0,0,3.4,28,80,0,3
60,,,,1,1,4,3,,,,3.4,23,81,1,2
60,,,0,1,4,6,1,4,1,,3.4,27,1,1,2
81,1,1,1,,5,8,3,1,0,0,3.4,29,81,0,3
114,,,1,1,4,6,0,4,1,0,3.4,39,114,0,2
60,,,,1,2,4,1,0,0,,3.4,18,60,0,2
60,1,1,1,1,1,4,1,4,0,0,3.4,20,1,1,2
81,,,1,1,4,6,,4,1,0,3.4,,,,2
81,,,1,1,4,6,,4,1,0,3.4,,,,2
114,0,0,1,3,2,2,0,0,0,0,3.4,17,81,1,2
114,0,0,1,3,2,6,0,2,0,0,3.4,17,81,1,2
60,,,1,1,2,4,0,2,0,0,3.4,23,60,0,2
81,,1,1,1,4,4,3,1,0,0,3.4,,,,2
114,1,1,1,1,,,,4,1,0,3.4,29,81,1,2
60,,,1,1,2,2,3,1,0,0,3.4,31,1,1,2
114,1,1,1,3,,,,,,0,3.4,,81,1,2
60,,,1,1,4,6,3,0,0,0,3.4,28,1,1,2
81,,,1,1,4,2,3,4,2,0,3.4,,,,2
60,,,1,1,4,4,3,4,1,0,3.4,29,1,1,3
60,1,1,1,1,2,6,3,2,1,0,3.4,28,1,1,2
60,,,1,1,1,4,0,2,0,0,3.4,18,60,0,2
114,,,0,2,1,4,0,4,1,0,3.4,26,114,0,2
114,,,1,1,5,3,1,4,2,0,3.4,,114,0,2
136,0,1,1,1,,,0,,2,0,4.2,45,8,1,2
8,1,1,1,1,1,4,0,4,2,0,5.1,27,8,0,2
60,,,1,1,4,6,1,4,1,0,3.4,31,119,1,2
3,,1,1,1,,,,4,1,,1.3,30,3,0,2
86,,,1,1,4,6,3,4,1,3,1.3,29,1,1,2
86,,1,1,1,4,6,3,4,1,3,1.3,31,1,1,2
86,,,1,3,,,,4,1,,1.3,26,47,1,2
3,,,1,3,,,,4,1,,1.3,25,47,1,1
86,,,1,3,2,4,,4,1,,1.3,22,48,1,1
47,,,2,2,1,4,0,4,1,1,4.4,19,47,0,1
47,,,2,2,1,4,0,4,1,1,4.4,19,47,0,1
86,,,1,3,4,6,1,4,1,0,1.3,31,47,1,1
86,,,1,3,4,6,1,4,1,0,1.3,23,47,1,1
86,,,1,3,4,6,1,4,1,0,1.3,22,47,1,1
47,,1,1,2,,,,4,1,0,4.4,24,47,0,1
47,1,1,1,2,4,4,1,4,1,0,4.4,23,47,0,1
47,0,0,1,2,1,4,0,4,1,0,4.4,20,47,0,1
86,,,1,3,4,6,,4,1,0,1.3,21,47,1,1
86,,,2,3,1,4,0,4,1,0,1.3,21,47,1,1
86,,,1,3,1,1,0,4,2,0,1.3,21,86,0,1
47,,1,0,3,1,1,0,4,2,0,4.4,26,47,1,1
3,,,0,3,1,1,0,4,2,0,1.3,26,3,1,1
3,,,,1,,,,4,2,,1.3,23,3,,2
3,,1,1,1,5,4,3,4,0,,1.3,25,3,1,2
3,,,1,1,2,4,1,4,2,,1.3,25,3,0,2
47,,,1,2,2,2,1,4,2,0,4.4,24,47,0,2
3,,1,1,1,1,1,,4,2,1,1.3,23,3,0,2
47,0,1,0,2,1,1,0,4,2,0,4.4,27,47,0,2
47,1,1,0,2,1,1,0,4,2,0,4.4,35,47,0,2
47,,,0,2,,,,4,2,,4.4,21,47,0,2
47,0,0,1,1,5,4,1,4,1,0,4.4,23,47,0,2
47,0,0,0,2,1,0,0,4,1,1,4.4,28,47,0,2
3,0,1,0,3,1,1,0,4,2,1,1.3,22,3,1,2
47,,,0,2,5,2,0,4,2,1,4.4,22,47,0,2
47,,,0,2,1,0,0,4,2,1,4.4,23,47,0,2
47,,,0,2,1,0,0,4,2,1,4.4,23,47,0,2
47,,,0,2,1,0,0,4,2,0,4.4,23,47,0,2
3,,,0,3,,,,4,2,,1.3,28,3,1,2
47,,,0,2,,,,4,2,,4.4,29,47,0,1
3,1,1,1,1,2,4,3,4,2,0,1.3,32,3,0,2
47,1,1,0,1,5,6,3,4,1,0,4.4,25,47,1,2
47,0,1,0,1,2,2,0,4,1,0,4.4,23,47,1,2
47,1,1,0,2,1,1,0,4,0,0,4.4,24,47,0,2
47,1,1,0,2,1,1,0,4,2,1,4.4,26,47,0,2
47,,,0,2,1,1,0,4,2,0,4.4,27,47,0,2
47,0,1,0,2,5,2,0,4,2,0,4.4,24,16,1,1
47,1,1,0,2,1,0,0,4,2,0,4.4,29,47,0,2
47,0,1,0,2,1,0,0,4,2,0,4.4,18,47,0,1
47,,,0,2,1,1,0,4,2,0,4.4,25,47,0,2
47,0,0,0,2,1,1,0,4,2,0,4.4,24,47,0,2
3,1,1,1,1,5,2,1,4,2,0,1.3,31,1,1,2
86,1,1,0,1,5,4,1,4,2,0,1.3,30,24,1,2
86,1,1,1,1,5,4,1,4,2,0,1.3,27,24,1,2
3,1,1,,1,,,0,4,2,,1.3,21,16,1,2
86,1,1,,1,2,2,0,4,2,1,1.3,26,1,1,2
132,,1,0,1,1,0,0,4,2,,1.3,47,24,1,2
3,0,0,1,1,1,1,0,4,2,1,1.3,31,24,1,2
3,0,0,1,1,,,,4,2,1,1.3,29,24,1,2
3,1,1,1,1,4,2,0,4,2,1,1.3,31,24,1,2
3,0,0,1,1,,,0,4,2,1,1.3,31,24,1,2
3,0,0,1,1,4,2,0,4,2,1,1.3,30,24,1,2
3,,,1,1,,2,0,4,2,1,1.3,32,24,1,2
3,0,0,1,1,,,1,4,2,1,1.3,31,24,1,2
3,0,0,1,1,4,4,0,4,2,1,1.3,31,137,1,2
3,,,,1,,,,,,,1.3,,,,2
3,1,1,1,1,4,2,0,4,2,0,1.3,26,136,1,1
3,,,1,1,,,,4,2,1,1.3,27,136,1,1
3,0,0,1,1,1,0,0,4,2,1,1.3,23,48,1,2
3,,,1,1,,,0,4,2,,1.3,25,3,0,2
3,0,0,1,1,4,2,0,4,2,0,1.3,21,136,1,2
3,,,,,,,,4,2,,1.3,,,,3
3,,,,,,,,4,2,,1.3,,,,2
3,,,,1,,,,4,2,,1.3,,,,2
,,,,,,,,,,,,,48,1,1
47,,1,1,2,1,1,0,4,2,1,4.4,20,16,1,2
3,,,1,1,,,,4,2,,1.3,27,16,1,2
3,,1,1,1,4,2,0,4,2,,1.3,19,3,0,2
47,,1,0,2,5,3,0,4,2,,4.4,21,47,0,2
47,0,0,0,2,1,0,0,4,2,0,4.4,19,47,0,1
47,0,0,0,2,1,0,0,4,2,0,4.4,22,47,0,2
47,,,0,2,1,0,0,4,2,,4.4,25,47,0,2
41,,,1,1,,,,,2,,1.3,29,140,1,2
132,,,1,1,,,0,4,2,0,1.3,27,65,1,2
132,1,1,1,1,2,4,1,4,2,0,1.3,26,14,1,2
132,1,1,1,3,2,6,0,4,2,0,1.3,25,14,1,2
132,1,1,1,3,5,6,0,4,2,0,1.3,24,14,1,2
132,1,1,0,2,1,4,0,4,2,,1.3,37,14,0,1
132,0,0,0,1,1,4,0,4,2,,1.3,25,48,1,2
132,1,1,1,3,,,,4,2,,1.3,,48,1,2
3,,,1,1,1,4,0,4,2,,1.3,21,47,0,1
47,,,0,2,1,4,0,4,2,,4.4,24,47,0,2
47,,,0,2,1,4,0,4,2,0,4.4,25,47,0,2
47,1,1,0,2,1,4,0,4,2,0,4.4,30,47,1,2
3,1,1,1,3,1,4,0,4,2,3,1.3,32,136,1,2
3,0,0,1,1,,,0,4,2,,1.3,,47,1,2
3,0,1,0,3,5,6,1,4,2,0,1.3,26,47,1,2
132,1,1,0,1,1,4,0,4,2,1,1.3,27,47,1,2
47,0,0,1,2,5,6,0,4,2,0,4.4,28,47,1,2
136,0,0,0,2,3,1,0,4,2,1,4.2,25,47,0,2
47,0,0,1,1,1,1,0,4,1,1,4.4,21,47,1,2
47,0,0,1,1,1,1,0,4,1,1,4.4,24,47,1,1
47,0,0,0,2,1,0,0,4,1,1,4.4,19,47,1,2
47,0,0,0,2,5,2,0,4,1,0,4.4,27,47,1,2
3,,1,1,1,,,0,,2,3,1.3,30,24,1,2
3,1,1,1,1,1,0,0,4,2,3,1.3,48,47,1,3
47,1,1,0,2,5,2,1,4,2,0,4.4,24,47,0,2
126,1,1,2,1,,,1,4,2,0,3.5,34,119,1,2
68,,,,2,,,,,,,3.5,36,119,1,2
126,1,1,2,1,5,4,3,4,2,0,3.5,35,119,1,2
126,1,1,,1,,2,1,4,2,0,3.5,48,119,1,2
126,,,,1,,,1,4,2,0,3.5,,119,1,2
126,,,,1,,,,4,2,,3.5,28,16,1,2
126,,1,,1,,,0,4,2,,3.5,,1,1,2
119,1,1,2,0,,,0,2,1,0,4.3,31,119,0,2
86,1,1,1,1,1,1,0,4,2,1,1.3,26,16,1,2
86,,,1,1,1,1,0,4,2,1,1.3,20,16,1,2
86,,,1,1,1,1,0,4,2,1,1.3,20,119,1,2
86,1,1,,1,2,2,3,4,2,0,1.3,30,119,1,2
86,,,,1,,4,1,4,2,,1.3,,119,1,2
86,,,,1,,,,4,2,,1.3,,119,1,2
86,,,,1,,,,4,2,,1.3,,119,1,2
47,1,1,1,3,1,1,0,4,0,0,4.4,24,133,1,2
86,1,1,1,1,1,1,3,4,0,0,1.3,18,86,0,3
86,0,0,,1,,,0,,,0,1.3,24,86,0,2
86,,,0,1,1,0,0,4,2,1,1.3,24,86,0,2
86,,,,1,1,0,0,4,2,1,1.3,20,86,0,2
86,1,1,1,1,2,2,0,4,2,0,1.3,25,86,0,2
86,1,1,1,1,2,6,3,4,0,0,1.3,44,86,0,3
86,,,1,1,1,1,0,4,0,,1.3,,86,0,2
86,,,,1,1,1,3,4,2,,1.3,,86,0,3
86,1,1,1,1,2,8,3,4,2,0,1.3,,86,0,3
86,,1,1,1,,,0,4,2,,1.3,,86,0,2
86,0,0,0,1,1,0,0,0,2,0,1.3,,86,0,1
86,0,0,1,1,5,4,3,4,2,0,1.3,21,86,0,1
86,0,0,0,1,4,2,0,4,2,0,1.3,23,86,0,1
86,0,0,0,1,1,1,0,4,2,0,1.3,23,86,0,1
86,0,0,0,1,1,0,0,4,2,0,1.3,,86,0,2
86,,,0,1,1,0,0,4,2,,1.3,,86,0,2
86,,,,1,1,0,0,4,2,,1.3,,86,0,2
86,1,1,1,1,4,4,1,4,2,0,1.3,27,86,0,1
86,0,0,1,1,1,0,0,4,2,0,1.3,18,86,0,2
3,0,1,1,1,4,2,0,4,2,0,1.3,22,1,1,2
86,0,1,1,1,2,4,3,4,2,0,1.3,20,1,1,2
126,1,1,1,1,,,3,4,2,0,3.5,27,1,1,2
68,1,1,1,2,1,1,0,4,2,0,3.5,24,1,1,2
137,1,1,2,2,5,4,0,4,2,0,2.5,21,1,1,2
110,,,2,2,1,1,0,4,2,0,3.5,21,8,1,2
98,,,1,2,1,0,0,0,0,0,3.3,14,1,1,2
3,,1,1,1,5,4,1,4,2,0,1.3,,47,1,2
68,,,2,2,,,,4,2,0,3.5,29,48,1,2
41,1,1,1,1,5,4,0,4,2,0,1.3,32,121,1,2
41,1,1,1,1,5,4,0,4,2,0,1.3,29,1,1,2
132,0,0,1,1,,2,0,4,2,0,1.3,30,24,1,2
137,,,1,1,1,1,0,4,1,,2.5,31,136,1,2
106,1,1,1,1,5,5,1,4,2,0,3.5,,,1,2
3,1,1,1,1,5,4,1,4,2,0,1.3,47,119,1,2
98,1,1,1,1,,,0,4,2,0,3.3,31,137,1,2
41,1,1,1,1,5,4,3,4,2,0,1.3,50,1,1,2
110,1,1,2,1,5,4,3,4,2,0,3.5,34,1,1,3
8,1,1,0,1,1,0,0,4,1,,5.1,23,16,1,2
41,1,1,1,1,5,2,0,4,2,0,1.3,44,8,1,2
81,,,1,1,2,4,0,0,0,0,3.4,19,98,1,2
140,1,1,1,3,1,1,0,4,2,0,3.5,34,137,1,2
86,,,,1,1,1,0,4,2,,1.3,20,1,1,2
3,,,,1,,,,4,2,,1.3,,,,2
60,,,1,1,0,1,2,1,0,0,3.4,21,60,0,2
60,,,1,1,0,2,2,0,0,,3.4,,60,0,2
114,,,,1,5,4,3,4,,,3.4,,114,0,1
81,,,,,0,4,1,4,,,3.4,,,0,2
114,,,,1,5,3,2,4,,,3.4,,114,0,2
114,,,,1,0,0,1,4,,,3.4,,114,0,2
114,,,,1,2,1,1,1,,,3.4,,114,0,2
114,,,,1,1,1,1,4,,,3.4,,114,0,1
114,,,,1,5,4,3,1,,,3.4,,114,0,2
114,,,,1,0,0,3,4,,,3.4,,114,0,1
114,,,,1,5,3,1,1,,,3.4,32,114,0,2
114,,,,1,1,1,1,4,,,3.4,,114,0,1
114,,,,1,1,1,0,4,,,3.4,,114,0,1
114,,,,1,5,3,1,4,,,3.4,,114,0,1
114,,,,1,5,3,1,4,,,3.4,,114,0,1
114,,,,1,5,4,3,4,,,3.4,,114,0,1
114,,,,1,,,,,,,3.4,,114,0,1
114,,,,1,5,3,0,4,,,3.4,,114,0,1
114,,,,1,0,0,0,1,,,3.4,,114,0,1
114,,,,1,0,0,0,4,,,3.4,,114,0,1
114,,,,1,0,0,0,4,,,3.4,,114,0,1
114,,,,1,5,3,0,1,,,3.4,,114,0,1
114,,,,1,5,3,2,4,,,3.4,,114,0,3
114,,,,1,1,1,0,4,,,3.4,,114,0,1
114,,,,1,5,3,0,4,,,3.4,,114,0,1
103,,,,1,,,1,,,,3.4,,103,0,3
60,,,,1,2,1,2,1,,,3.4,,60,0,1
60,,,,1,1,0,0,4,,,3.4,,60,0,
60,,,,1,0,0,,,,,3.4,,60,0,
60,,,,1,0,1,0,1,0,,3.4,,60,0,2
60,,,,1,0,0,0,0,,,3.4,,60,0,
60,,,,1,,,,,,,3.4,,60,0,
60,,,,1,,,,,,,3.4,,60,0,
60,,,,1,,,0,1,,,3.4,,60,0,
60,,,,1,1,0,,,,,3.4,,60,0,
60,,,,1,1,0,0,0,,,3.4,,60,0,
60,,,,1,,,,,,,3.4,,60,0,
81,,,,,,,,,,,3.4,,,0,
81,,,,,,,,,,,3.4,,,,1
,,,,,,,,,,,,,,,2
,,,,,,,,,,,,,,,
60,,,,1,0,1,0,0,,,3.4,,60,0,
114,,,,1,5,4,1,4,,,3.4,,114,0,3
114,,,,1,5,3,0,4,,,3.4,,114,0,2
114,,,,1,2,4,2,4,,,3.4,,114,0,3
110,,,,,,,0,,,,3.5,,,,1
60,,,,1,1,1,1,0,,,3.4,,60,0,
60,,,,1,,,,,,,3.4,,60,0,
60,,,,1,,,,,,,3.4,,60,0,
60,1,1,1,1,5,2,0,0,,,3.4,,60,0,
60,1,1,1,1,1,1,0,4,,,3.4,,60,0,
60,1,1,1,1,0,1,1,4,,,3.4,,60,0,1
60,,,0,1,0,0,0,0,,,3.4,,60,0,1
60,,,,1,0,2,0,0,,,3.4,,60,0,
60,,,,1,,,,,,,3.4,,60,0,
,,1,,,,,,,,,,,,,
60,,1,,1,2,1,1,1,0,,3.4,,60,0,
60,,1,,1,,,,,,,3.4,,60,0,
60,,,,1,,,,,,,3.4,,60,0,
60,,,,1,,,,,,,3.4,,60,0,
60,,,,1,,,,,,,3.4,,60,0,
60,1,1,,1,5,6,3,0,,0,3.4,20,60,0,1
60,,,,1,,,,,,,3.4,,60,0,
60,1,1,,1,5,2,3,4,,,3.4,,60,0,
,,,,,0,1,,,,,,,,,
60,,,,1,0,0,,0,,,3.4,,60,0,2
60,,,,1,0,1,1,4,,,3.4,,60,0,
60,1,1,,1,5,4,3,4,,,3.4,,60,0,
60,1,1,,1,2,0,0,3,,,3.4,,60,0,
60,1,1,,1,2,1,0,4,,,3.4,,60,0,
60,,,,1,1,4,0,4,,,3.4,,60,0,
60,1,1,,1,1,5,3,4,,,3.4,,60,0,
,,,,,,,0,,,,,,,,
,,,,,,,,,,,,,,,
,,,,,,,,,,,,,,,
60,,,,1,4,4,0,4,,,3.4,,60,0,
60,,,,1,,,0,1,,,3.4,,60,0,
,,,,,,,,,,,,,,,
60,1,1,,1,4,4,2,4,,,3.4,,60,0,
60,,,,1,0,1,0,0,,,3.4,,60,0,
60,,0,,1,,,0,,,,3.4,,60,0,
60,1,1,,1,1,2,2,1,,,3.4,,60,0,
60,,0,,1,2,1,0,1,,,3.4,,60,0,
60,0,1,,1,4,4,3,4,,,3.4,,60,0,
60,1,1,,1,4,1,0,4,,,3.4,,60,0,
60,4,1,,,0,1,0,4,,,,,,,3
60,1,1,,1,,1,1,4,,,3.4,,60,0,
60,,0,,1,5,4,0,4,,,3.4,22,60,0,
,,,,,,,,,,,,,,,
,,,,,,,,,,,,,,,
,,,,,0,2,,,,,,,,,
,,,,,,,,,0,,,,,,
,,,,,,,,,,,,,,,
,,,,,,,,,,,,,,,
,,1,,,,,,,,,,,,,
,,,,,,,3,,,,,,,,
,,,,,,,,,0,,,,,,
,,,,,,,,,,,,,,,
,,,,,,,,,,,,,,,
,,,,,,,,,,,,,,,
,,,,,,,,,,,,,,,
,,,,,,,,,,,,,,,2
,,,,,,,,,,,,,,,
,,,,,,,,,,,,,,,
,,1,,,,,,,,,,,,,
,,,,,,,,,,,,,,,2
,,,,,,,3,,,,,,,,
,,,,,,,,,0,,,,,,
,,,,,,,3,,,,,,,,
,,,,,,,,,,,,,,,
,,,,,,,,,,,,,8,,2
,,1,,,,,,,0,,,,,,
,,,,,,,,,,,,,,,
60,6,2,0,,0,0,0,4,0,,3.4,,,,
,,,,,,,3,,,,,,,,
,,,,,,,,,,,,,,,
,,1,,,,,,,,,,,,,
,,,,,,,,,,,,,,,
68,,,,,,,3,,,,3.5,,,,2
,,,,,,,,,,,,,,,2
,,,,,,,,,,,,,,,
,,,,,,,,,,,,,,,
,,1,,,,,,,,,,,,,
,,1,,,,,0,,,,,,,,
,2,2,,,,,,,,,,,,,
,,,,,,,,,,,,,,,
,,,,,,,,,,,,,,,
,,,,,,,,,,,,,,,
,,,,,,,,,,,,,,,
,,,,,,,,,,,,,,,
,,,,,,,,,,,,,,,
,,,,,,,,,,,,,,,2
,,,,,,,,,,,,,,,
,,1,,,,,,,,,,,,,
,,,,,,,,,,,,,,,
,,1,,,,,,,,,,,,,
,,,,,,,,,,,,,,,
41,,,,1,,,,,,,1.3,,,,
71,,,,,5,2,,4,,,3.5,,137,1,
137,,,,3,,,,,,,2.5,,62,0,
68,,,,2,4,6,,3,0,,3.5,,,,
121,,,,3,,,,,,,1.3,,,,
86,,,1,1,5,5,,4,2,,1.3,,119,1,3
,,,,,,,,,,,,,,,2
,,,,,,,,,,,,,,,
,,,,,,,,,,,,,,,
,,,,,,,0,,,,,,,,
,,,,,,,0,,,,,,,,
24,,,,1,0,4,,4,,,2.5,21,86,0,
,,,,,,,,,,,,,,,2
,,1,,,,,1,,,,,,,,3
,,,,,,,,,,,,,,,1
,,,,,,,,,,,,,,,1
,,,,,,,,,,,,,,,1
86,,1,,,,,,,,,1.3,,,,1
86,,1,,,,,,,,,1.3,,,,1
41,,,,1,6,2,0,,,,1.3,,,,2
41,,,2,1,1,0,,1,0,,1.3,,,,1
41,,,,,6,8,0,4,2,,1.3,,,,1
41,,,,,6,8,0,4,2,,1.3,,,,1
41,,,,,6,4,0,4,2,,1.3,,,,1
,,,,,,,,,,,,,,,1
110,,,,,,,,,,,3.5,,110,1,
110,,,,,,,,,,,3.5,,110,1,
41,,1,,,,,,,,,1.3,,,,
47,,,,2,,,,,,,4.4,,,,1
136,,,,,,,,,,,4.2,,,,
86,,,,2,0,4,,4,,,1.3,,,,
110,,,,1,,,,,,,3.5,,,,
110,,,,1,,,,,,,3.5,,,,
110,,,,1,,,,,,,3.5,,,,
,,,,,,,,,,,,,,,
110,,,,1,,,,,,,3.5,,,,2
,,,,,,,,,,,,,,,2
,,,,,,,,,,,,,,,2
,,,,,,,,,,,,,,,3
,,,,,,,,,,,,,,,
,,,,,,,,,,,,,,,
,,,,,,,,,,,,,,,
,,,,,,,,,,,,,,,
110,,,,1,,,,,,,3.5,,,,
,,,,,,,,,,,,,,,
,,,,,,,,,,,,,,,
110,,,,1,,,,,,,3.5,,,,
,,,,,,,,,,,,,,,
,,,,,,,,,,,,,,,
110,,,,1,0,4,,,,,3.5,,,,2
,,,,,,,,,,,,,,,
110,,,,1,,,,,,,3.5,,,,
110,,,2,1,0,2,,,,,3.5,,,,
140,,,,3,,,,,,,3.5,,,,2
,,,,,,,,,,,,,,,
,,,,,0,1,,4,,,,,,,
,,,,,,,,,,,,,,,
,,,,,,,,,,,,,,,
140,,,,,,,,,,,3.5,,,,
140,,,,,,,,,,,3.5,,,,
110,,,,2,,,,,,,3.5,,,,
,,,,,,,,,,,,,,,
,,,,,,,,,,,,,,,
140,,,,,,,,,,,3.5,,,,
140,,,,,,,,,,,3.5,,,,
140,,,,,,,1,,,,3.5,,,,2
110,,,,2,,,,,,,3.5,,,,
110,,,,2,,,,,,,3.5,,,,
110,,,,2,,,,,,,3.5,,,,
110,,,,2,,,,,,,3.5,,,,
140,,,,,,,,,,,3.5,,,,
110,,,,2,,,,,,,3.5,,,,
110,,,,2,,,,,,,3.5,,,,
137,,,,2,,,,,,,2.5,,,,
140,,,,,,,,,,,3.5,,,,
140,,,,,,,,,,,3.5,,,,
140,,,,2,,,,,,,3.5,,,,
3,,,,3,,,,,,,1.3,,,,1
3,,,,3,,,,,,,1.3,,,,1
41,,,,1,,,,,,,1.3,,,,2
41,,,,1,,,,,,,1.3,,,,2
41,,,,1,,,,,,,1.3,,,,1
41,,,,1,,,,,,,1.3,,,,1
41,,,,1,,,,,,,1.3,,,,1
41,,,,1,,,,,,,1.3,,,,1
41,,,,1,,,,,,,1.3,,,,1
41,,,,1,,,,,,,1.3,,,,1
41,,,,1,,,,,,,1.3,,,,1
41,,,,1,,,,,,,1.3,,,,1
3,1,1,,,,,,,,,1.3,,,,2
,,,,,,,,,,,,,,,2
3,1,1,0,1,,,,,2,,1.3,,,,1
,,,,,,,0,,,,,,,,1
,,,,,,,,,,,,,,,1
47,,,,2,,,,,,,4.4,,,,1
47,,,,2,,,,,,,4.4,,,,1
47,,,,0,,,,,0,,4.4,,,,1
,,,,,,,,,,,,,,,1
,,,,,,,,,,,,,,,1
,,,,,,,,,,,,,,,1
,,,,,,,,,,,,,,,1
,,,,,,,,,,,,,,,1
,,,,,,,,,,,,,,,1
,,,,,,,,,,,,,,,1
,,,,,,,,,,,,,,,1
,,,,,,,,,,,,,,,1
,,,,,,,,,,,,,,,1
,,,,,,,,,,,,,,,
,,,,,,,,,,,,,,,
,,,,,,,,,,,,,,,
,,,,,,,,,,,,,,,
,,,,,,,,,,,,,,,
,,,,,,,,,,,,,,,
,,,,,,,,,,,,,,,
,,,,,,,,,,,,,,,2
86,0,0,0,1,0,0,0,4,0,0,1.3,,,,1
86,0,0,0,1,4,2,0,4,,0,1.3,,,,1
86,0,0,0,1,,,,,,0,1.3,,,,1
86,,,0,1,5,3,0,4,,0,1.3,,,,1
,,,,,,,,,,,,,,,
,,,,,,,,,,,,,,,
,,,,,,,,,,,,,,,
,,,,,,,,,,,,,,,
,,,,,,,,,,,,,,,
,,,,,,,,,,,,,,,
,,,,,,,,,,,,,,,
,,,,,,,,,,,,,,,
,,,,,,,,,,,,,,,
126,,,,,,,,,,,3.5,,,,
41,,,,,,,,,,,1.3,,,,2
,,,,,,,,,,,,,,,
,,,,,,,,,,,,,,,
,,,,,,,,,,,,,,,
,,,,,,,,,,,,,,,
,,,,,,,,,,,,,,,
,,,,,,,,,,,,,,,
98,,,,,,,3,,,,3.3,,,,
98,,,,,,,,,,,3.3,,,,
,,,,,,,,,,,,,,,
98,,,,,,,,,,,3.3,,,,
98,,,,,,,,,,,3.3,,,,
98,,,,,,,,,,,3.3,,,,
60,,0,,1,0,1,0,1,1,,3.4,,60,0,
60,,,,,1,0,0,0,,,3.4,,,1,
60,,,,,1,0,2,0,1,,3.4,,,1,
60,,,,,4,4,2,1,0,,3.4,,,1,
60,,,,,0,0,1,0,0,,3.4,,,1,
60,,,,,0,0,0,0,,,3.4,,,1,
60,1,,,,0,1,0,0,,,3.4,,,1,
60,,,,,0,0,0,0,,,3.4,,,1,
60,,,,,0,0,0,0,1,,3.4,,,1,
60,,,,,1,1,1,0,0,,3.4,,,1,
60,,,,,1,1,1,0,1,,3.4,,,1,
60,,,,,1,0,,0,,,3.4,,,1,
60,,,,,0,1,0,0,0,,3.4,,,1,
60,,,,,,,,,,,3.4,,,1,
60,1,,,,0,1,1,1,0,,3.4,,,1,
60,,,,,0,0,,,,,3.4,,,1,
60,,,,,0,1,1,4,,,3.4,42,60,0,
60,,,,,0,1,1,1,0,,3.4,,,1,
60,,,,,,,,0,,,3.4,,,1,2
60,,,,,0,0,,,,,3.4,,,1,
60,,,,,0,0,,0,,,3.4,,,1,
60,,,,,,,2,,,,3.4,,,1,
60,,,,,,,,0,,,3.4,,,1,2
60,,1,,,2,2,3,1,0,,3.4,,,1,
60,,,,,1,0,2,1,,,3.4,,,1,
60,,,,,0,1,,1,0,,3.4,,,1,
60,,,,,2,5,3,1,0,,3.4,,,1,
60,,,,,0,0,2,0,0,,3.4,,,1,
60,,,,,0,0,0,0,0,,3.4,,,1,
60,,,,,0,1,2,1,0,,3.4,24,60,0,
60,,,,,1,0,,,,,3.4,,,1,
60,,,,,0,2,2,4,,,3.4,,,1,
60,,,,,0,1,1,1,0,,3.4,,,1,
60,,,,,0,0,0,0,,,3.4,,,1,
60,,,,,4,4,2,1,,,3.4,,,1,
60,,,,,0,0,2,0,0,,3.4,,,1,
60,,,,,0,1,1,0,0,,3.4,,,1,
60,,,,,0,1,1,4,,,3.4,,,1,1
60,,,,,4,4,2,1,0,,3.4,,,1,1
60,,,,,,,,,,,3.4,,,1,1
60,,,,,0,0,,0,,,3.4,,,1,
60,1,1,0,1,2,1,0,0,0,0,3.4,22,60,0,
60,,1,,,0,2,2,0,,,3.4,,,1,
60,,,,,0,0,0,4,,,3.4,,,1,1
81,,,,,0,0,,,,,3.4,,,1,1
60,,,,,0,0,2,0,,,3.4,,,1,
60,,,,,0,0,,,,,3.4,,,1,2
60,,,,,0,1,1,1,0,,3.4,,,1,
60,,,,,,,,0,,,3.4,,,1,
60,,,,,0,1,1,1,0,,3.4,,,1,2
60,,,,,0,0,,0,,,3.4,,,1,
60,1,1,,,0,1,1,0,0,,3.4,,,1,3
60,,,,,0,2,2,0,0,,3.4,,,1,
60,,,,,5,4,,1,,,3.4,35,,1,1
60,,,,,1,0,,,,,3.4,,,1,
60,,,,,0,1,2,0,,,3.4,,,1,
60,1,1,0,1,2,2,3,1,0,0,3.4,26,60,1,2
60,,,,,0,2,2,1,,,3.4,,,1,
60,,,,,0,0,,4,,,3.4,28,,1,2
60,,,,,0,1,2,0,0,,3.4,,,1,
81,,,,,0,0,,0,,,3.4,31,81,1,
60,,,,,1,1,,4,,,3.4,,,1,
60,,2,,,0,1,2,4,,,3.4,,,1,
60,,,,,1,0,,,,,3.4,,,1,
60,,,,,1,0,,0,,,3.4,,,1,1
60,,,,,0,4,3,4,,,3.4,,,1,1
60,4,1,,,0,1,2,0,,,3.4,,,1,3
60,,,,,1,0,2,0,,,3.4,,,1,
60,,,,,0,0,2,1,,,3.4,,,1,3
60,,,,,,,,0,,,3.4,,,1,
60,,1,,,0,0,,,,,3.4,,,1,
81,,,,,0,0,2,4,,,3.4,,,1,
81,2,1,2,3,5,8,3,1,0,0,3.4,38,81,1,1
60,,,,1,0,1,2,0,0,,3.4,,,1,
60,,1,,,,1,3,0,,,3.4,,,1,
60,,,,,0,0,3,0,0,,3.4,,,1,
60,,,,,0,1,2,1,0,,3.4,,,1,
60,,,,,1,0,2,0,,,3.4,,,1,
60,,,,,0,0,,,,,3.4,,,1,
60,1,1,,,0,1,2,0,,,3.4,,,1,
60,,,,,0,4,,0,0,,3.4,,,1,
60,,,,,0,0,,0,,,3.4,,,1,
60,,1,,,0,0,0,0,0,,3.4,,,1,
60,,,,,0,0,0,0,,,3.4,,,1,
60,,,,,0,4,3,1,0,,3.4,,,1,
60,,,,,0,0,,0,,,3.4,,,1,
60,,1,,,0,1,2,0,0,,3.4,,,1,
60,,,,,,,,,,,3.4,,,1,
60,,,,,0,0,,0,,,3.4,,,1,
81,, ,,,0,0,,,,,3.4,,,1,
60,,,,,1,0,2,1,0,,3.4,,,1,1
,,,,,,,,,,,,,,,
60,,,,,6,4,3,,,,3.4,,,,
60,,1,,,0,1,,,,,3.4,,,,
60,,,,,0,0,0,,,,3.4,,,,3
,,,,,0,2,,,,,,,,,
60,,,,,,,,,,,3.4,,,,
60,,,,,,,,,,,3.4,,,,
,,,,,,,,,,,,,,,
60,,,,,5,4,3,4,,,3.4,,,,
,,,,,,,,,,,,,,,
60,,1,,,,,3,,,,3.4,,,,
,,,,,,,,,,,,,,,
60,,,,,0,0,,,,,3.4,,,,
60,,,,,0,1,,,,,3.4,,,,
,,,,,,,,,,,,,,,
60,,,,,,,,,,,3.4,,,,
,,,,,,,,,,,,,,,
60,,,,,4,2,,,,,3.4,,,,
60,,,,,,,,,,,3.4,,,,
60,,,,,,,1,,,,3.4,,,,
,,,,,,,,,,,,,,,
60,,,,,,,,,,,3.4,,,,
60,,,,,,,,,,,3.4,,,,
60,,1,,,0,1,,,,,3.4,,,,2
60,,,,,0,0,,,,,3.4,,,,
60,2,1,,,0,0,0,,,,3.4,,,,
,,,,,,,,,,,,,,,
,,,,,,,,,,,,,,,
,,,,,,,,,,,,,,,
,,,,,5,2,,,,,,,,,3
,,,,,,,,,,,,,,,
60,,,,,0,1,,,,,3.4,,,,
60,,,,,0,0,,,,,3.4,,,,
60,,1,,,,,,,,,3.4,,,,3
,,,,,,,,,,,,,,,
,,,,,,,,,,,,,,,
60,,1,,,0,1,,,,,3.4,,,,3
60,,1,,,0,2,,0,,,3.4,,,,
,,,,,,,,,,,,,,,
,,,,,,,,,,,,,,,
,,,,,,,,,,,,,,,
,,,,,2,4,3,,,,,,,,
,,,,,,,,,,,,,,,
,,,,,,,,,,,,,,,
,,,,,,,,,,,,,,,
60,,,,,,,2,,,,3.4,,,,
60,2,1,,,0,0,3,,,,3.4,,,,
60,,,,,,,,,,,3.4,,,,
60,,,,,0,1,,,,,3.4,,,,
,,,,,,,,,,,,,,,
60,,,,,,,,,,,3.4,,,,
60,,,,,1,2,,,,,3.4,,,,
60,,,,,,,0,,,,3.4,,,,
60,,,,,0,0,,,,,3.4,,,,
81,,,,,,,,,,,3.4,,,,
60,,,,,0,0,,,,,3.4,,,,
,,,,,,,,,,,,,,,
60,,,,,,,,,,,3.4,,,,
60,,1,,,,,,,,,3.4,,,,2
60,,,,,0,2,,,,,3.4,,,,
,,,,,,,,,,,,,,,
,,,,,,,,,,,,,,,
,,,,,,,,,,,,,,,
,,,,,4,4,0,,,,,,,,
60,,,,,,,,,,,3.4,,,,
60,,,,,,,,,,,3.4,,,,
60,,,,,0,0,,,,,3.4,,,,
60,,,,,,,1,,,,3.4,,,,
,,,,,,,,,,,,,,,
60,,,,,1,2,,,,,3.4,,,,
60,,,,,,,,,,,3.4,,,,
60,,,,,,,0,,,,3.4,,,,
,,,,,,,,,,,,,,,
,,,,,,,,,,,,,,,
60,,,,,,,,,,,3.4,,,,
60,,,,,,,,,,,3.4,,,,
60,,,,,0,1,,,,,3.4,,,,
60,,,,,0,0,0,,,,3.4,,,,
,,,,,,,,,,,,,,,
60,,,,,0,2,3,,,,3.4,,,,3
60,2,1,,,0,1,,,,,3.4,,,,
,,,,,0,2,,,,,,,,,
,,,,,,,,,,,,,,,
,,,,,,,3,,,,,,,,3
60,,,,,0,2,0,,,,3.4,,,,
60,,,,,0,2,,,,,3.4,,,,
60,,,,,,,,,,,3.4,,,,
60,,,,,,,,,,,3.4,,,,
60,,,,,,,,,,,3.4,,,,
,,,,,,,,,,,,,,,
60,,,,,,,,,,,3.4,,,,
,,,,,,,,,,,,,,,
60,,,,,0,0,0,,,,3.4,,,,
60,,1,,,,,,,,,3.4,,,,
,,,,,,,,,,,,,,,
60,,,,,,,,,,,3.4,,,,
60,,,,,,,,,,,3.4,,,,
60,2,1,,,0,0,0,,,,3.4,,,,
60,,,,,,,,,,,3.4,,,,
,,,,,,,,,,,,,,,
60,,,,,0,0,0,,,,3.4,,,,
60,,,,,,,,,,,3.4,,,,
60,,,,,,,0,,,,3.4,,,,
60,,,,,0,1,,0,,,3.4,,,,
60,,,,,,,,,,,3.4,,,,
,,1,,,0,2,3,,,,,,,,
,,,,,,,,,,,,,,,
60,,,,,0,0,,,,,3.4,,,,
60,,1,,,,,,,,,3.4,,,,
60,,,,,,,,,,,3.4,,,,
60,,,,,0,2,,,,,3.4,,,,
,,,,,,,,,,,,,,,
,,,,,,,,,,,,,,,
60,,,,,0,0,,,,,3.4,,,,
60,,,,,,,,,,,3.4,,,,
,,,,,,,2,,,,,,,,
60,,,,,0,0,,,,,3.4,,,,
60,,,,,,,,,,,3.4,,,,2
,,,,,,,,,,,,,,,2
60,,,,,0,0,0,0,,,3.4,,,,
,,,,,,,1,,,,,,,,
60,,,,,,,,,,,3.4,,,,
60,,,,,0,0,,0,,,3.4,,,,
60,,,,,0,2,,0,,,3.4,,,,
60,,1,,,,,3,0,,,3.4,,,,
,,1,,,,,,,,,,,,,
60,,,,,,,,,,,3.4,,,,
60,,,,,0,0,,,,,3.4,,,,
60,,,,,,,,,,,3.4,,,,
60,,,,,0,2,3,,,,3.4,,,,
,,,,,,,,,,,,,,,
60,,,,,,,,,,,3.4,,,,
60,,,,,,,,,,,3.4,,,,
60,,,,,0,1,,,,,3.4,,,,
60,,1,,,0,2,,,,,3.4,,,,3
,,,,,,,,,,,,,,,
60,,,,,,,,,,,3.4,,,,
60,,,,,,,,,,,3.4,,,,
60,,,,,0,1,,1,0,,3.4,,,,
,,,,,,,,,,,,,,,
60,,,,,5,2,,4,,,3.4,31,60,0,
60,,,,,,,,,,,3.4,,,,
60,,,,,,,,,,,3.4,,,,
60,,,,,0,1,,1,0,,3.4,,,,
60,,,,,,,,,,,3.4,,,,
60,,,,,,,2,,,,3.4,,,,
60,,,,,,,,,,,3.4,,,,
60,,,,,,,,,,,3.4,,,,
,,,,,,,,,,,,,,,
60,,,,,,,,,,,3.4,,,,
60,,,,,,,,,,,3.4,,,,
,,,,,,,,,,,,,,,
60,,,,,,,,,,,3.4,,,,
60,,,,,4,4,0,4,,,3.4,,,,
,,,,,,,,,,,,,,,
60,,,,,,,,,,,3.4,,,,
60,,,,,5,6,,4,,,3.4,25,60,0,
,,,,,,,,,,,,,,,
,,,,,,,,,,,,,,,
60,,,,,,,3,,,,3.4,,,,
,,,,,,,3,,,,,,,,
60,,,,,6,2,,4,,,3.4,22,,,
60,,,,,0,1,,1,0,,3.4,,,,
60,,,,,0,0,,4,,,3.4,,,,
60,,,,,0,0,0,4,,,3.4,,,,
60,,,,,,,,,,,3.4,,,,
60,,,,,2,2,,1,0,,3.4,,,,
,,,,,,,,,,,,,,,
60,,,,,,,,,,,3.4,,,,
60,,,,,0,0,,4,,,3.4,,,,
60,,,,,,,,,,,3.4,,,,
,,,,,,,,,,,,,,,
60,,,,,,,,,,,3.4,,,,
60,,,,,,,,,,,3.4,,,,
60,,,,,0,0,0,0,0,,3.4,,,,
,,,,,,,,,,,,,,,
60,,,,,,,,,,,3.4,,,,
60,,,,,0,2,,1,0,,3.4,,,,
60,,,,,0,1,,4,,,3.4,34,60,0,
60,,,,,0,1,,1,0,,3.4,,,,
,,,,,,,,,,,,,,,
60,,,,,6,4,,4,,,3.4,34,60,0,3
60,,,,,0,1,,4,,,3.4,,,,
60,,,,,,,,,,,3.4,,,,
,,,,,,,,,,,,,,,
60,,,,,,,,,,,3.4,,,,
81,,,,,5,2,,4,,,3.4,47,,,
,,,,,,,,,,,,,,,
,,,,,,,,,,,,,,,
,,,,,,,,,,,,,,,
,,,,,,,,,,,,,,,
60,,1,,,,,,,,,3.4,,,,
,,,,,,,,,,,,,,,
60,,,,,0,1,2,4,,,3.4,,,,
60,,,,,2,2,,4,,,3.4,31,,,
60,,,,,0,1,,4,,,3.4,33,60,0,2
60,,,,,,,,,,,3.4,,,,
60,,,,,0,0,,4,,,3.4,,,,
60,,,,,0,1,0,0,0,,3.4,,,,
60,,,,,1,2,,1,,,3.4,,,,1
60,,,,,1,3,2,4,,,3.4,,,,1
60,,,,,0,2,,1,,,3.4,,,,1
60,,,,,,,0,,,,3.4,,,,1
,,,,,,,,,,,,,,,1
,,,,,,,,,,,,,,,1
60,,,,,,,,,,,3.4,,,,1
60,,,,,,,,,,,3.4,,,,1
60,,,,,,,,,,,3.4,,,,1
,,,,,,,,,,,,,,,1
60,,,,,,,2,,,,3.4,,,,1
60,,,,,0,0,,,,,3.4,,,,1
60,,,,,,,,,,,3.4,,,,1
,,,,,,,3,,,,,,,,1
60,,,,,0,1,3,,,,3.4,,,,1
60,,,,,5,1,,4,,,3.4,21,,,1
60,,,,,0,1,,,,,3.4,34,,,3
60,,,,,0,2,,4,,,3.4,,,,1
60,,,,,1,2,,4,,,3.4,,,,3
60,,,,,0,0,0,4,,,3.4,39,,,3
60,,,,,,,,,,,3.4,,,,
60,,,,,,,,,,,3.4,,,,
60,,,,,0,0,,,,,3.4,,,,1
60,,,,,0,1,,1,,,3.4,,,,
60,,,,,0,1,2,4,,,3.4,31,,,3
60,,,,,,,,,,,3.4,,,,1
81,,,,,5,4,3,4,,,3.4,,,,1
60,,,,,,,2,,,,3.4,,,,1
60,,,,,,,,,,,3.4,,,,
60,,,,,2,2,2,4,,,3.4,,,,1
60,,,,,0,2,,4,,,3.4,35,,,2
60,,,,,0,0,0,4,,,3.4,,,,
60,,,,,,,,,,,3.4,,,,1
,,,,,,,,,,,,,,,1
60,,,,,,,,,,,3.4,,,,
60,,,,,6,8,3,,,,3.4,,,,
,,,,,,,,,,,,,,,
60,,,,1,,,,,,,3.4,,,,
,,,,,,,,,,,,,,,3
60,,,,,,,0,,,,3.4,,,,
60,,,,,,,,,,,3.4,,,,
60,,,,,,,2,,,,3.4,,,,
60,,,,,,,,,,,3.4,,,,
60,,,,,,,1,,,,3.4,,,,
,,,,,,,,,,,,,,,
60,,,,,,,,,,,3.4,,,,
60,,,,,,,,,,,3.4,,,,
,,,,,,,,,,,,,,,
60,,,,,,,3,,,,3.4,,,,
60,,,,,,,2,,,,3.4,,,,
60,,,,,,,,,,,3.4,,,,
60,,,,,,,3,,,,3.4,,,,
60,,,,,,,,,,,3.4,,,,
60,,1,,,,,,,,,3.4,,,,
60,,,,,,,,,,,3.4,,,,
60,,,,,,,,,,,3.4,,,,
60,,,,,,,,,,,3.4,,,,
60,,,,,,,,,,,3.4,,,,
60,,,,,,,,,,,3.4,,,,
60,,,,,,,,,,,3.4,,,,
114,,,,,,,3,,,,3.4,,,,
81,, , ,,,,,,,,3.4,,,,
81,, , ,,,,,,,,3.4,,,,
114,, ,,,,,,,,,3.4,,,,
81,,, ,,,,3,,,,3.4,,,,
81,,,,,,,3,,,,3.4,,,,
60,,, ,,1,3,3,,,,3.4,,,,
60,,,,,,,,1,,,3.4,22,60,0,
60,,,,,,,,,,,3.4,,,,
81,,,,,,,3,,,,3.4,,,,
60,,,,,2,1,,1,,,3.4,17,103,,2
60,,, ,,,,,,,,3.4,,,,
60,,, ,,0,1,,1,,,3.4,20,60,0,
60,,,,,,,,,,,3.4,,,,
81,,,,,5,4,3,,,,3.4,,,,
60,,,,,,,,,,,3.4,,,,
,,,,,,,,,,,,,,,
81,,,,,,,1,,,,3.4,,,,
81,,, ,,,,3,,,,3.4,,,,
81, ,, ,,,,1,,,,3.4,,,,
81,,,,,,,3,,,,3.4,,,,
103,,,,,1,2,,1,,,3.4,,,,
81,,,,,,,1,,,,3.4,,,,
81, ,, ,,,,,,,,3.4,,,,
60,,,,,,,,,,,3.4,,,,
103,,,,,,,,,,,3.4,,,,
81,,,,,,,,,,,3.4,,,,
81,, ,,,,,,,,,3.4,,,,
81,,, ,,,,1,,,,3.4,,,,
60,,,,,,,0,,,,3.4,,,,
103,,,,,,,1,,,,3.4,,,,
60,,,,,,,,,,,3.4,,,,
81,,1,,,,,,1,,,3.4,,,,
81,,, ,,,,2,,,,3.4,,,,
81, ,,,,,,3,,,,3.4,,,,
,, ,,,,,1,,,,,,,,
81,,,,,,,,,,,3.4,,,,
81,,,,,,,,,,,3.4,,,,
81,,, ,,,,3,,,,3.4,,,,
103,,1,,,2,4,,4,,,3.4,,,,
81,,,,,,,3,,,,3.4,,,,
81,, , ,,,,,,,,3.4,,,,
81, , ,,,,,,,,,3.4,,,,
81,,,,,5,4,3,,,,3.4,,,,
,,,,,,,3,,,,,,,,
81, ,,,,,,3,,,,3.4,,,,
,, ,,,,,,,,,,,,,
60,,,,,,,,,,,3.4,,,,
,,,,,,,,,,,,,,,
81,, , ,,,,,,,,3.4,,,,
,,,,,,,,,,,,,,,
81,,,,,,,,,,,3.4,,,,
81, ,,,,,,3,,,,3.4,,,,
81,, ,,,,,,,,,3.4,,,,
81,,,,,1,1,1,4,,,3.4,,,,1
81,, ,,,,,,,,,3.4,,,,
60,,,,,,,,,,,3.4,,,,
60,,,,,,,,,,,3.4,,,,
81,, ,,,,,,,,,3.4,,,,
81,,,,,,,1,,,,3.4,,,,
81,,,,,,,3,,,,3.4,,,,
81,,,,,,,3,,,,3.4,,,,
81,,,,,,,3,,,,3.4,,,,
81,, ,,,,,,,,,3.4,,,,
81,, ,,,,,,,,,3.4,,,,
103,,,,,,,,,,,3.4,,,,
81,, ,,,,,,,,,3.4,,,,
60,,,,,,,,,,,3.4,,,,
129,, ,,,,,,,,,3.4,,,,
81, ,,,,,,2,,,,3.4,,,,
81,,,,,,,,,,,3.4,,,,
60,, ,,,,,,,,,3.4,,,,
60,,,,,,,,,,,3.4,,,,
81,,,,,,,3,,,,3.4,,,,
81,,,,,,,3,,,,3.4,,,,2
81,,,,,,,3,,,,3.4,,,,
81,,,,,,,,,,,3.4,,,,
81,,,,,,,,,,,3.4,,,,
60,,,,,,,1,,,,3.4,,,,
81,, ,,,,,,,,,3.4,,,,
60,,,,,,,,,,,3.4,,,,
81,,,,,,,,,,,3.4,,,,
81,,,,,,,,,,,3.4,,,,
81,, ,,,,,,,,,3.4,,,,
60,,1,,,5,2,,4,,,3.4,,,,
81,,,,,,,,,,,3.4,,,,
81,,,,,,,3,,,,3.4,,,,
81,,,,,,,,,,,3.4,,,,
81,,,,,,,3,,,,3.4,,,,
81,,,,,,,,,,,3.4,,,,
81,,,,,,,,,,,3.4,,,,
81,,,,,,,,,,,3.4,,,,
81,,,,,,,3,,,,3.4,,,,
81,, ,,,,,,,,,3.4,,,,
81,,,,,,,,,,,3.4,,,,
81,,,,,,,1,,,,3.4,,,,
81,,,,,,,,,,,3.4,,,,2
81,, ,,,,,,,,,3.4,,,,
81,,,,,0,4,3,,,,3.4,,,,
81,, ,,,,,,,,,3.4,,,,2
81,, ,,,,,,,,,3.4,,,,3
81,, ,,,,,1,,,,3.4,,,,
114,,,,,4,2,,4,,,3.4,,,,
114,,,,,,,,,,,3.4,,,,
114,,,,,,,,,,,3.4,,,,
114,,,,,,,1,,,,3.4,,114,,
114,,,,,,,,,,,3.4,,,,
114,,,,,,,,,,,3.4,,,,3
114,,,,,,,,,,,3.4,,,,
114,,,,,,,,,,,3.4,,,,
114,,,,,,,,,,,3.4,,,,
114,,,,,,,,,,,3.4,,,,
114,,,,,,,,,,,3.4,,,,
114,,,,,,,,,,,3.4,,,,
114,,,,,,,2,,,,3.4,,,,
,,,,,,,,,,,,,,,
,,,,,,,,,,,,,,,
,,,,,,,,,,,,,,,
,,,,,,,,,,,,,,,
,,,,,,,,,,,,,,,
,,,,,,,,,,,,,,,
,,,,,,,,,,,,,,,
,,,,,,,,,,,,,,,
,,,,,,,,,,,,,,,
,,,,,,,,,,,,,,,
114,,,,,,,,,,,3.4,,,,
,,,,,,,,,,,,,,,
,,,,,,,,,,,,,,,
,,,,,,,,,,,,,,,
,,,,,,,,,,,,,,,
,,,,,,,,,,,,,,,
,,,,,,,,,,,,,,,
,,,,,,,,,,,,,,,
103,,,,,4,4,,,,,3.4,,,,
103,,,,,,,,,,,3.4,,,,
103,,,,,,,,,,,3.4,,,,
103,,,,,,,,,,,3.4,,,,
103,,,,,,,2,,,,3.4,,,,
103,,,,,,,,,,,3.4,,,,
103,,,,,,,,,,,3.4,,,,2
103,,,,,,,,,,,3.4,,,,
103,,,,,,,,,,,3.4,,,,
103,,,,,,,,,,,3.4,,,,
103,,,,,,,,,,,3.4,,,,
103,,,,,,,,,,,3.4,,,,
103,,,,,,,,,,,3.4,,,,
,,,,,,,,,,,,,,,
103,,,,,,,,,,,3.4,,,,
103,,,,,,,,,,,3.4,,,,
,,,,,,,,,,,,,,,
,,,,,,,,,,,,,,,
103,,,,,,,,,,,3.4,,,,
103,,,,,,,,,,,3.4,,,,
103,,,,,,,,,,,3.4,,,,
41,,,,,,,,,,,1.3,,,,
103,,,,,0,0,,,,,3.4,,,,
103,,,,,,,,,,,3.4,,,,
,,,,,,,,,,,,,,,
103,,,,,,,,,,,3.4,,,,
103,,,,,,,,,,,3.4,,,,
103,,,,,,,,,,,3.4,,,,
103,,,,,,,,,,,3.4,,,,
103,,,,,,,,,,,3.4,,,,
,,,,,,,,,,,,,,,
,,,,,,,,,,,,,,,
,,,,,,,,,,,,,,,
103,,,,,,,,,,,3.4,,,,
,,,,,,,,,,,,,,,
,,,,,,,,,,,,,,,
,,,,,,,,,,,,,,,
103,,,,,,,,,,,3.4,,,,
60,,,,,,,,,,,3.4,,,,
,,,,,,,,,,,,,,,
,,,,,,,,,,,,,,,
60,,,,,,,,,,,3.4,,,,
,,,,,,,,,,,,,,,
,,,,,,,,,,,,,,,
103,,,,,,,,,,,3.4,,,,2
,,,,,,,,,,,,,,,
103,,,,,0,0,,,,,3.4,,,,
,,,,,,,,,,,,,,,
,,,,,,,,,,,,,,,
,,,,,,,,,,,,,,,
103,,,,,,,,,,,3.4,,,,
,,,,,,,,,,,,,,,
,,,,,,,,,,,,,,,
,,,,,,,,,,,,,,,
103,,,,,,,,,,,3.4,,,,
,,,,,,,,,,,,,,,
,,,,,,,,,,,,,,,
,,,,,,,,,,,,,,,
,,,,,,,,,,,,,,,
,,,,,,,,,,,,,,,
103,,,,,,,,,,,3.4,,,,
,,,,,,,,,,,,,,,
,,,,,,,,,,,,,,,
,,,,,,,,,,,,,,,
,,,,,,,,,,,,,,,
,,,,,,,,,,,,,,,
103,,,,,,,,,,,3.4,,,,
,,,,,,,,,,,,,,,
,,,,,,,,,,,,,,,
,,,,,,,,,,,,,,,
103,,,,,,,,,,,3.4,,,,
103,,,,,,,,,,,3.4,,,,
,,,,,,,,,,,,,,,
,,,,,,,,,,,,,,,
86,,,,,,,,,,,1.3,,,,
60,,,,,,,,,,,3.4,,,,2
103,,,,,0,1,,,,,3.4,,,,3
,,,,,,,,,,,,,,,
,,,,,,,,,,,,,,,
103,,,,,,,,,,,3.4,,,,
,,,,,,,,,,,,,,,
103,,,,,,,,,,,3.4,,,,
,,,,,,,,,,,,,,,
,,,,,,,,,,,,,,,
,,,,,,,,,,,,,,,
103,,,,,,,,,,,3.4,,,,
,,,,,,,,,,,,,,,
,,,,,,,,,,,,,,,
103,,,,,,,,,,,3.4,,,,
,,,,,,,,,,,,,,,
,,,,,,,,,,,,,,,
,,,,,,,,,,,,,,,
,,,,,,,,,,,,,,,
,,,,,,,,,,,,,,,
,,,,,,,,,,,,,,,
,,,,,,,,,,,,,,,
,,,,,,,,,,,,,,,
,,,,,,,,,,,,,,,
,,,,,,,,,,,,,,,
,,,,,,,,,,,,,,,
,,,,,,,,,,,,,,,
,,,,,,,,,,,,,,,
,,,,,,,,,,,,,,,
,,,,,,,,,,,,,,,
,,,,,,,,,,,,,,,
,,,,,,,,,,,,,,,
60,,,,,,,,,,,3.4,,,,
60,,,,,5,2,0,,,,3.4,,,,2
103,,,,,,,,,,,3.4,,,,
103,,,,,,,,,,,3.4,,,,
,,,,,,,,,,,,,,,
103,,,,,,,,,,,3.4,,,,
103,,,,,,,,,,,3.4,,,,
103,,,,,,,,,,,3.4,,,,
103,,,,,,,,,,,3.4,,,,
103,,,,,,,,,,,3.4,,,,
103,,,,,,,,,,,3.4,,,,
103,,,,,,,,,,,3.4,,,,
,,,,,,,,,,,,,,,
103,,,,,,,,,,,3.4,,,,
103,,,,,,,,,,,3.4,,,,
103,,,,,,,,,,,3.4,,,,
103,,,,,,,,,,,3.4,,,,
103,,,,,,,,,,,3.4,,,,
103,,,,,,,,,,,3.4,,,,
103,,,,,,,,,,,3.4,,,,
103,,,,,,,,,,,3.4,,,,
103,,,,,,,,,,,3.4,,,,
103,,,,,,,,,,,3.4,,,,
103,,,,,,,,,,,3.4,,,,
103,,,,,,,,,,,3.4,,,,
103,,,,,,,,,,,3.4,,,,
103,,,,,,,,,,,3.4,,,,
103,,,,,,,,,,,3.4,,,,
86,,,,,,,,,,,1.3,,,,
114,0,,,1,0,1,1,3,,,3.4,,114,0,2
114,,,0,1,0,0,0,4,,,3.4,,114,0,1
114,,,,1,5,3,1,4,,,3.4,,114,0,1
114,,,,1,5,3,1,4,,,3.4,,114,0,1
114,,,,1,5,3,1,4,,,3.4,,114,0,1
60,,,,,,,,,,,3.4,,,,
,,,,,,,,,,,,,,,
60,,1,,,0,1,3,1,,,3.4,,,,
60,,,,,,,,,,,3.4,,,,
60,,,,,6,8,3,,,,3.4,,,,
60,,,,,,,,,,,3.4,,,,
,,,,,0,1,,,,,,,,,
,,,,,,,,,,,,,,,
81,,,,,,,,,,,3.4,,,,
,,,,,,,,,,,,,,,
60,0,1,0,1,2,1,3,0,0,0,3.4,19,60,0,
60,,,,,,,,,,,3.4,,,,
,,,,,,,,,,,,,,,
,,,,,,,,,,,,,,,
,,,,,,,,0,,,,,,,
,,,,,,,,,,,,,,,
60,,,,,,,,,,,3.4,,,,
,,,,,,,,,,,,,,,
,,,,,,,,,,,,,,,
,,,,,,,,,,,,,,,
,,,,,,,,,,,,,,,
,,,,,,,,,,,,,,,
,,,,,,,,,,,,,,,
,,,,,,,,,,,,,,,
45,3,1,2,1,,0,,,1,1,7,,,,3
45,,,2,1,,0,,,1,,7,,,,
121,,,,1,,,,,,,7,,,,
45,,,2,1,,4,,,1,,7,,,,
45,3,1,,1,,,,,0,,7,,,,3
126,6,1,,1,,1,1,,,1,3.5,,,,2
126,,1,,1,,,1,,,0,3.5,,,,2
126,,1,,1,5,2,3,,,,3.5,,,,2
126,,1,1,1,4,4,3,,,,3.5,,,,2
86,,1,1,0,,1,0,,,1,1.3,,,,2
86,2,1,,1,,,1,,,0,1.3,,,,2
3,,,,1,,,0,,,1,,,,,1
110,,,,1,,,,,,,,,,,2
140,,,,1,,,,,,,,,,,2
48,,1,,1,5,4,,,,,,,,,2
126,,1,,1,,,3,,,1,3.5,,,,2
126,,,,1,,,3,,,,3.5,,,,1
126,,,,1,,,3,,,,3.5,,,,2
126,,1,,1,,,2,,,,3.5,,,,2
126,,,1,1,0,1,2,,,,3.5,,,,2
,,1,,1,,,,,,,,,,,2
126,4,1,,1,,,2,,,1,3.5,,,,2
126,,,,1,,,,,,,3.5,,,,2
126,3,1,,1,,,0,,,,3.5,,,,2
126,,1,1,1,,,2,,,1,3.5,,,,2
119,,1,,0,,,,,,1,,,,,2
,,,,,,,,,,,,,,,2
3,,,0,1,,,0,,,1,,,,,2
126,,,,1,,,2,,,,3.5,,,,2
126,,,,1,,,2,,,,3.5,,,,2
132,,1,0,1,4,7,2,,,0,1.3,,,,2
68,5,1,,1,2,8,3,,,0,3.5,,,,3
126,,0,,1,,,0,,,0,3.5,,,,1
86,,1,,1,,,2,,,,1.3,,,,2
86,,1,,1,,,,,,,1.3,,,,2
86,,,,1,0,1,,,,,1.3,,,,2
86,,1,,1,,,1,,,1,1.3,,,,2
86,,,,1,,,0,,,,1.3,,,,2
41,,,1,1,5,4,0,,,,1.3,,,,3
3,,,,1,,,0,,,1,1.3,,,,2
86,,,,1,,,1,,,,1.3,,,,2
86,,,,1,,,2,,,,1.3,,,,3
86,1,0,,1,,,1,,,1,1.3,,,,2
86,2,1,,1,,,0,,,1,1.3,,,,2
86,,,,1,,,0,,,1,1.3,,,,2
86,,,,1,,,0,,,1,1.3,,,,2
86,,,,1,,,0,,,1,1.3,,,,2
86,,,,1,,,0,,,1,1.3,,,,2
119,0,1,,0,,,0,,,1,4.3,,,,2
119,,,,0,,,2,,,1,4.3,,,,2
86,,,,1,,,0,,,1,1.3,,,,2
86,,,,1,,,,,,,1.3,,,,1
3,,,,1,,,,,,,1.3,,,,1
86,,,,1,,,0,,,,1.3,,,,2
126,8,1,,0,,,2,,,,3.5,,,,2
126,5,1,,1,,,2,,,,3.5,,,,2
86,,,,1,,,,,,,1.3,,,,1
86,0,0,,1,,,,,,,1.3,,,,1
86,,,,1,,,,,,,1.3,,,,2
86,,,,1,,,0,,,,1.3,,,,2
86,0,0,,1,,,2,,,,1.3,,,,3
86,,,,1,,,0,,,1,1.3,,,,1
86,,,,1,,,0,,,1,1.3,,,,1
86,,,,1,,,,,,,1.3,,,,1
86,,,,1,,,0,,,,1.3,,,,1
119,0,1,,0,,,1,,,0,4.3,,,,2
119,,,,0,,,,,,,4.3,,,,2
119,,,,0,,,0,,,,4.3,,,,2
119,,,,0,,,0,,,,4.3,,,,2
119,,,,0,,,0,,,1,4.3,,,,2
119,,,,0,,,0,,,1,4.3,,,,2
3,1,1,,1,,,0,,,1,1.3,,,,1
65,,,,1,,,,,,,4.3,,,,1
86,,,,1,,,,,,,1.3,,,,1
86,,,,1,,,,,,,1.3,,,,1
86,,,,1,,,,,,,1.3,,,,1
86,,,,1,,,,,,,1.3,,,,1
86,,,,1,,,1,,,,1.3,,,,1
86,0,0,,1,5,4,3,,,,1.3,,,,2
119,0,0,,0,,,0,,,,4.3,,,,3
66,2,1,1,1,0,0,0,4,,,2.2,,136,,
136,,0,1,2,2,4,,4,,1,4.2,,136,,
136,1,1,1,0,0,4,2,4,,1,4.2,,136,,
136,,0,1,0,4,4,,0,0,1,4.2,,136,,
3,,,0,1,0,0,1,4,2,,1.3,,,,
98,,,1,1,5,2,1,,,,3.3,,,,
136,,,1,0,0,2,,4,2,,4.2,18,98,,
136,,,,0,5,4,1,4,2,,4.2,24,98,,
,,1,0,0,,,1,4,,,,,,,
,,,,,,,,,,,,,,,
86,,,,,,,,,,,1.3,,,,
110,,,,,,,,,,,3.5,,,,
,,,,,,,,,,,,,,,
110,,,,,,,,,,,3.5,,,,
126,,,,,,,,,,,3.5,,,,
110,,,,,,,,,,,3.5,,,,
41,,,,,,,,,,,1.3,,,,
,,,,,,,1,,,,,,,,
110,,,,,,,,,,,3.5,,,,
110,,,,,,,,,,,3.5,,,,
,,,,,,,,,,,,,,,
,,,,,,,,,,,,,,,
126,,,,,,,,,,,3.5,,,,
110,,,,,1,2,,,,,3.5,,,,
71,,,,,,,2,,,,3.5,,,,
3,,,,,,,,,,,1.3,,,,
126,,,,,,,,,,,3.5,,,,
110,,,,,,,,,,,3.5,,,,
110,,,,,,,2,,,,3.5,,,,
110,,,,,,,,,,,3.5,,,,
110,,,,,,,,,,,3.5,,,,
77,,,,,,,,,,,1.3,,,,
126,,,,,,,3,,,,3.5,,,,
77,,,,,,,,,,,1.3,,,,
3,,,,,,,1,,,,1.3,,,,
77,,,,,,,2,,,,1.3,,,,
110,,,,,,,3,,,,3.5,,,,
110,,,,,,,,,,,3.5,,,,
110,,,,,,,,,,,3.5,,,,
110,,,,,,,1,,,,3.5,,,,
77,,,,,,,,,,,1.3,,,,
132,,,,,,,1,,,,1.3,,,,
110,,,,,,,,,,,3.5,,,,
77,,,,,,,2,,,,1.3,,,,
86,,,,,,,,,,,1.3,,,,
110,,,,,,,,,,,3.5,,,,
77,,,,,,,,,,,1.3,,,,
110,,,,,,,3,,,,3.5,,,,
68,,,,,,,2,,,,3.5,,,,
110,,,,,,,,,,,3.5,,,,
110,,,,,,,,,,,3.5,,,,
3,,,,,,,,,,,1.3,,,,
110,,,,,,,,,,,3.5,,,,
77,,,,,,,,,,,1.3,,,,
77,,,,,,,,,,,1.3,,,,
140,,,,,,,0,,,,3.5,,,,
3,,,,,,,,,,,1.3,,,,
77,,,,,,,0,,,,1.3,,,,
77,,,,,,,,,,,1.3,,,,
110,,,,,,,0,,,,3.5,,,,
3,,,,,,2,,,,,1.3,,,,
3,,,,,,2,,,,,1.3,,,,
110,,,,,,,3,,,,3.5,,,,
110,,,,,,,,,,,3.5,,,,
110,,,,,,,1,,,,3.5,,,,
110,,,,,,,,,,,3.5,,,,
110,,,,,,,,,,,3.5,,,,
77,,,,,,,,,,,1.3,,,,
126,,,,,,,,,,,3.5,,,,
132,,,,,,,2,,,,1.3,,,,
110,,,,,,,2,,,,3.5,,,,
77,,,,,2,2,,,,,1.3,,,,
3,,,,,,,1,,,,1.3,,,,
3,,,,,,,0,,,,1.3,,,,
68,,,,,,,,,,,3.5,,,,
3,,,,,,,1,,,,1.3,,,,
3,,,,,,,0,,,,1.3,,,,
86,,,,,,,,,,,1.3,,,,
110,,,,,,,,,,,3.5,,,,
3,,,,,,,0,,,,1.3,,,,
126,,,,,,,,,,,3.5,,,,
140,,,,,0,1,,,,,3.5,,,,
110,,,,,,,,,,,3.5,,,,
77,,,,,,,,,,,1.3,,,,
140,,,,,,,,,,,3.5,,,,
77,,,,,,,,,,,1.3,,,,
110,,,,,,,,,,,3.5,,,,
110,,,,,,,,,,,3.5,,,,
77,,,,,,,,,,,1.3,,,,
77,,,,,,,,,,,1.3,,,,
86,,,,,0,2,,,,,1.3,,,,
110,,,,,,,,,,,3.5,,,,
77,,,,,,,2,,,,1.3,,,,
110,,,,,,,,,,,3.5,,,,
110,,,,,,,2,,,,3.5,,,,
3,,,,,,,,,,,1.3,,,,
110,,,,,,,,,,,3.5,,,,
120,,,,,,,,,,,3.3,,,,
110,,,,,,,,,,,3.5,,,,
77,,,,,,,,,,,1.3,,,,
110,,,,,,,,,,,3.5,,,,
132,,,,,,,,,,,1.3,,,,
140,,,,,,,,,,,3.5,,,,
110,,,,,2,2,,,,,3.5,,,,
86,,,,,,,1,,,,1.3,,,,
86,,,,,2,2,,,,,1.3,,,,
77,,,,,,,,,,,1.3,,,,
140,,,,,,,2,,,,3.5,,,,
110,,,,,,,,,,,3.5,,,,
86,,,,,,,,,,,1.3,,,,
132,,,,,0,2,,,,,1.3,,,,
110,,,,,,,1,,,,3.5,,,,
140,,,,,,,,,,,3.5,,,,
140,,,,,5,2,3,,,,3.5,,,,
77,,,,,,,,,,,1.3,,,,
140,,,,,,,,,,,3.5,,,,
77,,,,,,,,,,,1.3,,,,
3,,,,,,,,,,,1.3,,,,
140,,,,,,,,,,,3.5,,,,
126,,,,,5,2,3,,,,3.5,,,,
110,,,,,2,4,3,,,,3.5,,,,
77,,,,,0,0,,,,,1.3,,,,
110,,,,,,,,,,,3.5,,,,
126,,,,,,,,,,,3.5,,,,
110,,,,,,,,,,,3.5,,,,
140,,,,,,,,,,,3.5,,,,
140,,,,,6,2,3,,,,3.5,,,,
110,,,,,,,,,,,3.5,,,,
110,,,,,,,,,,,3.5,,,,
110,,,,,,,,,,,3.5,,,,
110,,,,,,,,,,,3.5,,,,
110,,,,,,,,,,,3.5,,,,
110,,,,,,,,,,,3.5,,,,
140,,,,,,,,,,,3.5,,,,
77,,,,,,,,,,,1.3,,,,
110,,,,,,,,,,,3.5,,,,
140,,,,,,,,,,,3.5,,,,
77,,,,,,,,,,,1.3,,,,
86,,,,,,,,,,,1.3,,,,
77,,,,,,,,,,,1.3,,,,
3,,,,,,,,,,,1.3,,,,
110,,,,,,,,,,,3.5,,,,
110,,,,,,,,,,,3.5,,,,
77,,,,,,,,,,,1.3,,,,
77,,,,,2,2,,,,,1.3,,,,
110,,,,,,,,,,,3.5,,,,
77,,,,,6,2,,,,,1.3,,,,
110,,,,,,,,,,,3.5,,,,
110,,,,,,,,,,,3.5,,,,
77,,,,,,,,,,,1.3,,,,
110,,,,,,,,,,,3.5,,,,
77,,,,,,,,,,,1.3,,,,
77,,,,,,,,,,,1.3,,,,
86,,,,,,,,,,,1.3,,,,
77,,,,,,,,,,,1.3,,,,
140,,,,,,,,,,,3.5,,,,
68,,,,,,,,,,,3.5,,,,
77,,,,,,,,,,,1.3,,,,
110,,,,,,,3,,,,3.5,,,,
110,,,,,,,,,,,3.5,,,,
110,,,,,,,,,,,3.5,,,,
110,,,,,,,,,,,3.5,,,,
110,,,,,,,,,,,3.5,,,,
110,,,,,,,,,,,3.5,,,,
86,,,,,,,,,,,1.3,,,,
132,,,,,,,,,,,1.3,,,,
77,,,,,,,,,,,1.3,,,,
110,,,,,,,,,,,3.5,,,,
140,,,,,,,,,,,3.5,,,,
3,,,,,,,,,,,1.3,,,,
140,,,,,,,,,,,3.5,,,,
110,,,,,,,,,,,3.5,,,,
110,,,,,,,,,,,3.5,,,,
110,,,,,,,,,,,3.5,,,,
110,,,,,,,,,,,3.5,,,,
110,,,,,,,,,,,3.5,,,,
140,,,,,,,,,,,3.5,,,,
77,,,,,,,,,,,1.3,,,,
110,,,,,,,,,,,3.5,,,,
110,,,,,,,,,,,3.5,,,,
110,,,,,,,1,,,,3.5,,,,
77,,,,,,,,,,,1.3,,,,
110,,,,,,,,,,,3.5,,,,
132,,,,,,,,,,,1.3,,,,
77,,,,,,,,,,,1.3,,,,
110,,,,,,,,,,,3.5,,,,
77,,,,,,,,,,,1.3,,,,
77,,,,,,,,,,,1.3,,,,
77,,,,,,,,,,,1.3,,,,
3,,,,,,,,,,,1.3,,,,
68,,,,,,,,,,,3.5,,,,
110,,,,,,,,,,,3.5,,,,
110,,,,,,,,,,,3.5,,,,
110,,,,,,,,,,,3.5,,,,
3,,,,,,,,,,,1.3,,,,
110,,,,,,,,,,,3.5,,,,
110,,,,,,,,,,,3.5,,,,
110,,,,,,,,,,,3.5,,,,
140,,,,,,,,,,,3.5,,,,
110,,,,,,,,,,,3.5,,,,
110,,,,,,,2,,,,3.5,,,,
110,,,,,,,,,,,3.5,,,,
110,,,,,,,,,,,3.5,,,,
110,,,,,,,,,,,3.5,,,,
110,,,,,2,2,,,,,3.5,,,,
140,,,,,,,,,,,3.5,,,,
77,,,,,,,,,,,1.3,,,,
110,,,,,,,,,,,3.5,,,,
86,,,,,,,,,,,1.3,,,,
77,,,,,,,1,,,,1.3,,,,
110,,,,,,,,,,,3.5,,,,
77,,,,,0,2,,,,,1.3,,,,
126,,,,,,,,,,,3.5,,,,
110,,,,,,,,,,,3.5,,,,
86,,,,,,,,,,,1.3,,,,
77,,,,,,,,,,,1.3,,,,
77,,,,,,,,,,,1.3,,,,
68,,,,,,,,,,,3.5,,,,
110,,,,,,,,,,,3.5,,,,
110,,,,,,,,,,,3.5,,,,
110,,,,,,,,,,,3.5,,,,
110,,,,,,,,,,,3.5,,,,
,,,,,,,,,,,,,,,
110,,,,,,,,,,,3.5,,,,
110,,,,,,,,,,,3.5,,,,
86,,,,,,,,,,,1.3,,,,
3,,,,,,,,,,,1.3,,,,
77,,,,,,,,,,,1.3,,,,
110,,,,,,,,,,,3.5,,,,
140,,,,,,,2,,,,3.5,,,,
77,,,,,,,,,,,1.3,,,,
110,,,,,,,,,,,3.5,,,,
86,,,,,,,,,,,1.3,,,,
110,,,,,,,,,,,3.5,,,,
110,,,,,,,,,,,3.5,,,,
110,,,,,,,,,,,3.5,,,,
77,,,,,,,,,,,1.3,,,,
126,,,,,,,,,,,3.5,,,,
110,,,,,,,,,,,3.5,,,,
110,,,,,,,,,,,3.5,,,,
77,,,,,,,,,,,1.3,,,,
110,,,,,,,,,,,3.5,,,,
110,,,,,,,,,,,3.5,,,,
86,,,,,,,,,,,1.3,,,,
77,,,,,,,,,,,1.3,,,,
110,,,,,,,,,,,3.5,,,,
126,,,,,,,,,,,3.5,,,,
77,,,,,,,,,,,1.3,,,,
110,,,,,,,,,,,3.5,,,,
110,,,,,,,,,,,3.5,,,,
126,,,,,,,,,,,3.5,,,,
110,,,,,,,,,,,3.5,,,,
77,,,,,,,,,,,1.3,,,,
132,,,,,,,,,,,1.3,,,,
110,,,,,,,,,,,3.5,,,,
110,,,,,,,,,,,3.5,,,,
110,,,,,,,,,,,3.5,,,,
110,,,,,,,,,,,3.5,,,,
132,,,,,,,,,,,1.3,,,,
110,,,,,,,,,,,3.5,,,,
126,,,,,5,2,,,,,3.5,,,,
68,,,,,,,2,,,,3.5,,,,
140,,,,,,,,,,,3.5,,,,
77,,,,,,,,,,,1.3,,,,
110,,,,,,,,,,,3.5,,,,
126,,,,,,,,,,,3.5,,,,
110,,,,,,,,,,,3.5,,,,
110,,,,,,,,,,,3.5,,,,
16,,,,,,,,,,,4.3,,,,
110,,,,,1,3,1,,,,3.5,,,,
3,,,,,,,,,,,1.3,,,,
110,,,,,,,,,,,3.5,,,,
3,,,,,,,,,,,1.3,,,,
77,,,,,,,,,,,1.3,,,,
77,,,,,,,,,,,1.3,,,,
140,,,,,,,,,,,3.5,,,,
110,,,,,,,,,,,3.5,,,,
132,,,,,,,,,,,1.3,,,,
140,,,,,2,2,,,,,3.5,,,,
126,,,,,,,,,,,3.5,,,,
110,,,,,,,,,,,3.5,,,,
77,,,,,,,,,,,1.3,,,,
77,,,,,,,,,,,1.3,,,,
140,,,,,,,0,,,,3.5,,,,
77,,,,,,,,,,,1.3,,,,
126,,,,,,,,,,,3.5,,,,
,,,,,,,,,,,,,,,
110,,,,,,,,,,,3.5,,,,
3,,,,,,,,,,,1.3,,,,
41,,,,,,,3,,,,1.3,,,,
110,,,,,,,,,,,3.5,,,,
140,,,,,,,,,,,3.5,,,,
126,,,,,,,,,,,3.5,,,,
77,,,,,,,,,,,1.3,,,,
110,,,,,,,,,,,3.5,,,,
126,,,,,,,,,,,3.5,,,,
77,,,,,,,,,,,1.3,,,,
86,,,,,,,,,,,1.3,,,,
110,,,,,,,,,,,3.5,,,,
126,,,,,,,,,,,3.5,,,,
86,,,,,,,,,,,1.3,,,,
110,,,,,,,,,,,3.5,,,,
,,,,,,,,,,,,,,,
77,,,,,,,,,,,1.3,,,,
110,,,,,,,,,,,3.5,,,,
77,,,,,,,,,,,1.3,,,,
77,,,,,,,,,,,1.3,,,,
77,,,,,,,,,,,1.3,,,,
140,,,,,,,,,,,3.5,,,,
140,,,,,,,,,,,3.5,,,,
77,,,,,,,,,,,1.3,,,,
86,,,,,,,,,,,1.3,,,,
110,,,,,,,,,,,3.5,,,,
110,,,,,,,,,,,3.5,,,,
110,,,,,,,,,,,3.5,,,,
110,,,,,,,,,,,3.5,,,,
68,,,,,,,,,,,3.5,,,,
77,,,,,,,,,,,1.3,,,,
110,,,,,,,,,,,3.5,,,,
126,,,,,,,,,,,3.5,,,,
77,,,,,,,,,,,1.3,,,,
77,,,,,,,,,,,1.3,,,,
110,,,,,,,,,,,3.5,,,,
140,,,,,,,,,,,3.5,,,,
77,,,,,,,,,,,1.3,,,,
77,,,,,0,1,,,,,1.3,,,,
110,,,,,,,,,,,3.5,,,,
132,,,,,,,,,,,1.3,,,,
110,,,,,0,2,,,,,3.5,,,,
110,,,,,,,,,,,3.5,,,,
110,,,,,,,1,,,,3.5,,,,
110,,,,,,,,,,,3.5,,,,
86,,,,,,,1,,,,1.3,,,,
126,,,,,,,,,,,3.5,,,,
110,,,,,,,,,,,3.5,,,,
110,,,,,,,,,,,3.5,,,,
86,,,,,,,1,,,,1.3,,,,
110,,,,,,,,,,,3.5,,,,
126,,,,,,,,,,,3.5,,,,
110,,,,,,,,,,,3.5,,,,
126,,,,,,,,,,,3.5,,,,
110,,,,,,,,,,,3.5,,,,
68,,,,,,,0,,,,3.5,,,,
86,,,,,,,,,,,1.3,,,,
68,,,,,,,,,,,3.5,,,,
86,,,,,,,,,,,1.3,,,,
86,,,,,,,,,,,1.3,,,,
77,,,,,,,,,,,1.3,,,,
86,,,,,,,,,,,1.3,,,,
,,,,,,,0,,,,,,,,
126,,,,,,,,,,,3.5,,,,
110,,,,,,,,,,,3.5,,,,
110,,,,,,,,,,,3.5,,,,
110,,,,,,,,,,,3.5,,,,
110,,,,,,,,,,,3.5,,,,
110,,,,,,,3,,,,3.5,,,,
110,,,,,,,,,,,3.5,,,,
110,,,,,0,2,,,,,3.5,,,,
110,,,,,,,0,,,,3.5,,,,
,,,,,,,,,,,,,,,
110,,,,,0,2,,,,,3.5,,,,
110,,,,,,,,,,,3.5,,,,
77,,,,,,,,,,,1.3,,,,
3,,,,,,,,,,,1.3,,,,
110,,,,,,,,,,,3.5,,,,
110,,,,,,,,,,,3.5,,,,
77,,,,,,,,,,,1.3,,,,
110,,,,,,,,,,,3.5,,,,
110,,,,,,,0,,,,3.5,,,,
110,,,,,,,,,,,3.5,,,,
110,,,,,,,,,,,3.5,,,,
110,,,,,,,,,,,3.5,,,,
110,,,,,,,,,,,3.5,,,,
110,,,,,,,,,,,3.5,,,,
140,,,,,,,,,,,3.5,,,,
140,,,,,,,,,,,3.5,,,,
126,,,,,,,,,,,3.5,,,,
140,,,,,5,2,3,,,,3.5,,,,
3,,,,,,,,,,,1.3,,,,
77,,,,,,,,,,,1.3,,,,
14,,,,,,,,,,,4.4,,,,
77,,,,,,,,,,,1.3,,,,
77,,,,,,,,,,,1.3,,,,
110,,,,,,,,,,,3.5,,,,
110,,,,,,,,,,,3.5,,,,
77,,,,,0,1,,,,,1.3,,,,
41,,,,,,,,,,,1.3,,,,
110,,,,,,,,,,,3.5,,,,
110,,,,,,,,,,,3.5,,,,
77,,,,,,,,,,,1.3,,,,
110,,,,,,,,,,,3.5,,,,
110,,,,,,,,,,,3.5,,,,
110,,,,,,,,,,,3.5,,,,
110,,,,,,,,,,,3.5,,,,
3,,,,,,,,,,,1.3,,,,
77,,,,,,,,,,,1.3,,,,
86,,,,,,,,,,,1.3,,,,
77,,,,,,,,,,,1.3,,,,
86,,,,,,,,,,,1.3,,,,
110,,,,,,,,,,,3.5,,,,
140,,,,,,,,,,,3.5,,,,
,,,,,,,0,,,,,,,,
126,,,,,,,,,,,3.5,,,,
110,,,,,,,,,,,3.5,,,,
110,,,,,,,,,,,3.5,,,,
41,,,,,,,,,,,1.3,,,,
110,,,,,,,,,,,3.5,,,,
110,,,,,,,,,,,3.5,,,,
110,,,,,,,,,,,3.5,,,,
110,,,,,,,,,,,3.5,,,,
110,,,,,,,,,,,3.5,,,,
110,,,,,,,,,,,3.5,,,,
86,,,,,,,,,,,1.3,,,,
132,,,,,,,,,,,1.3,,,,
3,,,,,,,,,,,1.3,,,,
110,,,,,,,,,,,3.5,,,,
3,,,,,,,,,,,1.3,,,,
3,,,,,,,,,,,1.3,,,,
132,,,,,,,3,,,,1.3,,,,
77,,,,,,,,,,,1.3,,,,
132,,,,,,,,,,,1.3,,,,
41,,,,,0,2,,,,,1.3,,,,
132,,,,,,,,,,,1.3,,,,
3,,,,,,,,,,,1.3,,,,
140,,,,,,,,,,,3.5,,,,
110,,,,,,,,,,,3.5,,,,
110,,,,,,,,,,,3.5,,,,
86,,,,,,,,,,,1.3,,,,
77,,,,,,,,,,,1.3,,,,
77,,,,,,,,,,,1.3,,,,
86,,,,,,,,,,,1.3,,,,
68,,,,,,,,,,,3.5,,,,
84,,,,,,,,,,,1.5,,,,
140,,,,,2,2,,,,,3.5,,,,
74,,,,,,,,,,,3.5,,,,
86,,,,,,,,,,,1.3,,,,
68,,,,,,,,,,,3.5,,,,
110,,,,,,,,,,,3.5,,,,
132,,,,,,,,,,,1.3,,,,
77,,,,,,,,,,,1.3,,,,
77,,,,,,,,,,,1.3,,,,
77,,,,,,,,,,,1.3,,,,
110,,,,,,,,,,,3.5,,,,
3,,,,,,,0,,,,1.3,,,,
140,,,,,0,0,,,,,3.5,,,,
110,,,,,,,,,,,3.5,,,,
126,,,,,,,,,,,3.5,,,,
110,,,,,,,,,,,3.5,,,,
3,,,,,,,,,,,1.3,,,,
110,,,,,,,,,,,3.5,,,,
110,,,,,,,,,,,3.5,,,,
110,,,,,,,,,,,3.5,,,,
77,,,,,,,,,,,1.3,,,,
110,,,,,,,,,,,3.5,,,,
77,,,,,,,,,,,1.3,,,,
126,,,,,,,,,,,3.5,,,,
110,,,,,,,,,,,3.5,,,,
77,,,,,,,,,,,1.3,,,,
110,,,,,,,,,,,3.5,,,,
110,,,,,,,,,,,3.5,,,,
3,,,,,,,,,,,1.3,,,,
77,,,,,,,,,,,1.3,,,,
86,,,,,,,,,,,1.3,,,,
3,,,,,,,,,,,1.3,,,,
3,,,,,,,1,,,,1.3,,,,
110,,,,,,,,,,,3.5,,,,
126,,,,,,,,,,,3.5,,,,
110,,,,,,,,,,,3.5,,,,
140,,,,,,,,,,,3.5,,,,
110,,,,,0,1,,,,,3.5,,,,
124,,,,,,,0,,,,4.2,,,,
110,,,,,,,,,,,3.5,,,,
110,,,,,,,,,,,3.5,,,,
126,,,,,,,,,,,3.5,,,,
77,,,,,0,1,,,,,1.3,,,,
77,,,,,,,,,,,1.3,,,,
3,,,,,,,,,,,1.3,,,,
86,,,,,,,,,,,1.3,,,,
110,,,,,,,,,,,3.5,,,,
77,,,,,,,,,,,1.3,,,,
126,,,,,,,,,,,3.5,,,,
86,,,,,,,,,,,1.3,,,,
77,,,,,,,,,,,1.3,,,,
97,,,,,,,,,,,3.5,,,,
110,,,,,,,,,,,3.5,,,,
86,,,,,,,,,,,1.3,,,,
132,,,,,,,,,,,1.3,,,,
110,,,,,,,,,,,3.5,,,,
132,,,,,,,,,,,1.3,,,,
110,,,,,,,,,,,3.5,,,,
126,,,,,,,,,,,3.5,,,,
3,,,,,,,,,,,1.3,,,,
110,,,,,2,2,,,,,3.5,,,,
77,,,,,,,,,,,1.3,,,,
132,,,,,,,,,,,1.3,,,,
110,,,,,,,,,,,3.5,,,,
132,,,,,,,,,,,1.3,,,,
110,,,,,,,,,,,3.5,,,,
132,,,,,,,,,,,1.3,,,,
110,,,,,,,,,,,3.5,,,,
126,,,,,,,,,,,3.5,,,,
3,,,,,,,,,,,1.3,,,,
77,,,,,4,2,,,,,1.3,,,,
110,,,,,,,,,,,3.5,,,,
110,,,,,,,,,,,3.5,,,,
140,,,,,,,3,,,,3.5,,,,
77,,,,,,,3,,,,1.3,,,,
77,,,,,,,,,,,1.3,,,,
110,,,,,,,,,,,3.5,,,,
110,,,,,,,,,,,3.5,,,,
110,,,,,,,0,,,,3.5,,,,
110,,,,,,,,,,,3.5,,,,
110,,,,,,,,,,,3.5,,,,
126,,,,,,,,,,,3.5,,,,
110,,,,,,,,,,,3.5,,,,
77,,,,,4,2,,,,,1.3,,,,
77,,,,,2,2,,,,,1.3,,,,
110,,,,,,,,,,,3.5,,,,
126,,,,,6,2,,,,,3.5,,,,
77,,,,,,,,,,,1.3,,,,
110,,,,,,,,,,,3.5,,,,
110,,,,,,,,,,,3.5,,,,
110,,,,,,,,,,,3.5,,,,
77,,,,,,,,,,,1.3,,,,
77,,,,,,,,,,,1.3,,,,
126,,,,,,,,,,,3.5,,,,
110,,,,,,,,,,,3.5,,,,
132,,,,,,,,,,,1.3,,,,
110,,,,,,,,,,,3.5,,,,
132,,,,,,,,,,,1.3,,,,
110,,,,,,,,,,,3.5,,,,
110,,,,,,,,,,,3.5,,,,
132,,,,,,,,,,,1.3,,,,
110,,,,,,,3,,,,3.5,,,,
110,,,,,,,,,,,3.5,,,,
110,,,,,,,,,,,3.5,,,,
68,,,,,,,,,,,3.5,,,,
68,,,,,,,,,,,3.5,,,,
77,,,,,,,,,,,1.3,,,,
57,,,,,,,1,,,,4.1,,,,
126,,,,,,,,,,,3.5,,,,
110,,,,,,,,,,,3.5,,,,
77,,,,,,,,,,,1.3,,,,
3,,,,,,, ,,,,1.3,,,,
110,,,,,,,,,,,3.5,,,,
,,,,,,,,,,,0,,,,
86,,,,,,,,,,,1.3,,,,
77,,,,,,,1,,,,1.3,,,,
86,,,,,,, ,,,,1.3,,,,
110,,,,,,,0,,,,3.5,,,,
41,,,,,,,,,,,1.3,,,,
77,,,,,,,,,,,1.3,,,,
77,,,,,,, ,,,,1.3,,,,
,,,,,, ,,,,,0,,,,
126,,,,,,,,,,,3.5,,,,
,,,,,,,,,,,,,,,
110,,,,,,, ,,,,3.5,,,,
77,,,,,,, ,,,,1.3,,,,
77,,,,,,,,,,,1.3,,,,
132,,,,,,,,,,,1.3,,,,
140,,,,,,,,,,,3.5,,,,
68,,,,,,,,,,,3.5,,,,
126,,,,,,,,,,,3.5,,,,
3,,,,,,,,,,,1.3,,,,
132,,,,,,,,,,,1.3,,,,
77,,,,,,,,,,,1.3,,,,
132,,,,,,,,,,,1.3,,,,
86,,,,,,,,,,,1.3,,,,
132,,,,,,,,,,,1.3,,,,
110,,,,,,,,,,,3.5,,,,
110,,,,,1,0,1,,,,3.5,,,,
132,,,,,,,1,,,,1.3,,,,
126,,,,,,,,,,,3.5,,,,
3,,,,,,,,,,,1.3,,,,
68,,,,,,, ,,,,3.5,,,,
77,,,,,,, ,,,,1.3,,,,
77,,,,,,,,,,,1.3,,,,
140,,,,,,,,,,,3.5,,,,
86,,,,,,,,,,,1.3,,,,
110,,,,,,, ,,,,3.5,,,,
110,,,,,,, ,,,,3.5,,,,
,,,,,,,,,,,,,,,
,,,,,, ,,,,,0,,,,
110,,,,,,, ,,,,3.5,,,,
110,,,,,,, ,,,,3.5,,,,
110,,,,,,,,,,,3.5,,,,
110,,,,,,, ,,,,3.5,,,,
110,,,,,,, ,,,,3.5,,,,
110,,,,,,,,,,,3.5,,,,
110,,,,,,, ,,,,3.5,,,,
126,,,,,,, ,,,,3.5,,,,
132,,,,,0,7,3,,,,1.3,,,,
126,,,,,,, ,,,,3.5,,,,
126,,,,,,,,,,,3.5,,,,
86,,,,,,,,,,,1.3,,,,
110,,,,,,,,,,,3.5,,,,
126,,,,,,, ,,,,3.5,,,,
126,,,,,,,,,,,3.5,,,,
126,,,,,,, ,,,,3.5,,,,
132,,,,,,,,,,,1.3,,,,
140,,,,,,,,,,,3.5,,,,
77,,,,,,, ,,,,1.3,,,,
110,,,,,,,,,,,3.5,,,,
3,,,,,,,,,,,1.3,,,,
110,,,,,,,,,,,3.5,,,,
110,,,,,,, ,,,,3.5,,,,
86,,,,,,,,,,,1.3,,,,
110,,,,,,,,,,,3.5,,,,
77,,,,,,, ,,,,1.3,,,,
126,,,,,0,7,,,,,3.5,,,,
110,,,,,,,,,,,3.5,,,,
110,,,,,,, ,,,,3.5,,,,
110,,,,,,, ,,,,3.5,,,,
68,,,,,,,,,,,3.5,,,,
3,,,,,,,1,,,,1.3,,,,
77,,,,,,, ,,,,1.3,,,,
77,,,,,,,,,,,1.3,,,,
110,,,,,,,,,,,3.5,,,,
77,,,,,,, ,,,,1.3,,,,
110,,,,,,, ,,,,3.5,,,,
77,,,,,,, ,,,,1.3,,,,
77,,,,,,, ,,,,1.3,,,,
77,,,,,,,,,,,1.3,,,,
77,,,,,,, ,,,,1.3,,,,
110,,,,,,, ,,,,3.5,,,,
126,,,,,,,,,,,3.5,,,,
110,,,,,,,,,,,3.5,,,,
110,,,,,,,,,,,3.5,,,,
126,,,,,,,,,,,3.5,,,,
110,,,,,,,,,,,3.5,,,,
77,,,,,,, ,,,,1.3,,,,
77,,,,,,, ,,,,1.3,,,,
140,,,,,,, ,,,,3.5,,,,
110,,,,,,,,,,,3.5,,,,
140,,,,,,,,,,,3.5,,,,
140,,,,,,,,,,,3.5,,,,
140,,,,,,,,,,,3.5,,,,
110,,,,,,,3,,,,3.5,,,,
47,,,,,,,,,,,4.4,,,,
3,,,,,,,,,,,1.3,,,,
110,,,,,,, ,,,,3.5,,,,
132,,,,,,,1,,,,1.3,,,,
110,,,,,,,,,,,3.5,,,,
3,,,,,,,,,,,1.3,,,,
126,,,,,,,,,,,3.5,,,,
110,,,,,,,,,,,3.5,,,,
126,,,,,,,3,,,,3.5,,,,
110,,,,,,,,,,,3.5,,,,
110,,,,,,, ,,,,3.5,,,,
86,,,,,,,3,,,,1.3,,,,
47,,,,,,,,,,,4.4,,,,
3,,,,,5,2,,,,,1.3,,,,
3,,,,,5,2,,,,,1.3,,,,
3,,,,,,, ,,,,1.3,,,,
77,,,,,,,0,,,,1.3,,,,
110,,,,,,, ,,,,3.5,,,,
110,,,,,0,2,,,,,3.5,,,,
126,,,,,,, ,,,,3.5,,,,
110,,,,,,,,,,,3.5,,,,
110,,,,,,,,,,,3.5,,,,
126,,,,,,, ,,,,3.5,,,,
110,,,,,,, ,,,,3.5,,,,
110,,,,,,, ,,,,3.5,,,,
110,,,,,,, ,,,,3.5,,,,
110,,,,,2,2,,,,,3.5,,,,
140,,,,,,,,,,,3.5,,,,
110,,,,,,, ,,,,3.5,,,,
110,,,,,,, ,,,,3.5,,,,
3,,,,,,,,,,,1.3,,,,
86,,,,,,,,,,,1.3,,,,
136,,,,,,,,,,,4.2,,,,
77,,,,,,,,,,,1.3,,,,
110,,,,,,,,,,,3.5,,,,
77,,,,,,,,,,,1.3,,,,
110,,,,,,,,,,,3.5,,,,
140,,,,,,,,,,,3.5,,,,
110,,,,,,,,,,,3.5,,,,
110,,,,,,,,,,,3.5,,,,
110,,,,,,, ,,,,3.5,,,,
132,,,,,0,2,,,,,1.3,,,,
77,,,,,,,,,,,1.3,,,,
110,,,,,,, ,,,,3.5,,,,
86,,,,,,,2,,,,1.3,,,,
110,,,,,2,4,,,,,3.5,,,,
110,,,,,,,,,,,3.5,,,,
77,,,,,,,,,,,1.3,,,,
110,,,,,,,,,,,3.5,,,,
110,,,,,,,,,,,3.5,,,,
77,,,,,,,3,,,,1.3,,,,
110,,,,,,, ,,,,3.5,,,,
77,,,,,,,1,,,,1.3,,,,
3,,,,,5,2,,,,,1.3,,,,
68,,,,,,,,,,,3.5,,,,
77,,,,,6,2,,,,,1.3,,,,
86,,,,,,, ,,,,1.3,,,,
110,,,,,,,,,,,3.5,,,,
132,,,,,,,,,,,1.3,,,,
110,,,,,,,,,,,3.5,,,,
140,,,,,,,,,,,3.5,,,,
110,,,,,,,,,,,3.5,,,,
132,,,,,,, ,,,,1.3,,,,
110,,,,,,,,,,,3.5,,,,
110,,,,,5,2,,,,,3.5,,,,
140,,,,,,,,,,,3.5,,,,
126,,,,,,, ,,,,3.5,,,,
126,,,,,,, ,,,,3.5,,,,
140,,,,,,,2,,,,3.5,,,,
68,,,,,,,,,,,3.5,,,,
110,,,,,,, ,,,,3.5,,,,
140,,,,,,,3,,,,3.5,,,,
126,,,,,,,,,,,3.5,,,,
86,,,,,,,,,,,1.3,,,,
77,,,,,,,,,,,1.3,,,,
110,,,,,,,3,,,,3.5,,,,
140,,,,,5,2,1,,,,3.5,,,,
126,,,,,,,,,,,3.5,,,,
86,,,,,,, ,,,,1.3,,,,
140,,,,,,,,,,,3.5,,,,
110,,,,,,,3,,,,3.5,,,,
110,,,,,,,,,,,3.5,,,,
126,,,,,,, ,,,,3.5,,,,
140,,,,,,,,,,,3.5,,,,
77,,,,,,,2,,,,1.3,,,,
110,,,,,,,,,,,3.5,,,,
132,,,,,,,,,,,1.3,,,,
126,,,,,,,,,,,3.5,,,,
50,0,1,1,1,4,7,3,,2,2,4.3,31,50,1,3
50,2,2,1,1,0,1,1,4,2,0,4.3,23,50,0,2
50,0,0,0,1,0,1,0,,2,0,4.3,25,50,0,3
50,1,3,0,1,3,2,1,,2,2,4.3,22,50,0,3
50,0,1,1,1,4,2,3,,2,0,4.3,23,50,0,3
50,1,1,1,1,0,1,1,,2,2,4.3,30,50,0,3
50,0,0,0,1,0,1,0,,2,2,4.3,22,50,0,3
50,2,1,1,1,0,1,0,,2,2,4.3,21,50,0,3
48,0,1,1,1,0,1,0,,2,0,4.3,21,50,0,3
50,3,1,0,1,0,1,2,,2,0,4.3,19,50,0,2
50,1,1,0,1,0,1,0,,2,2,4.3,37,50,0,2
50,0,0,1,1,2,4,3,,2,2,4.3,22,50,0,3
48,0,0,0,1,0,1,0,,2,0,4.3,22,50,0,2
50,2,1,0,1,0,2,1,,2,2,4.3,43,50,0,2
50,0,0,1,1,3,4,3,,2,0,4.3,22,50,0,2
50,1,2,0,1,0,1,0,,2,0,4.3,,50,0,2
50,2,1,0,1,0,1,0,,2,0,4.3,30,50,0,3
50,0,0,0,1,0,1,1,,2,2,4.3,25,50,0,3
50,0,1,1,1,5,4,3,,,2,4.3,31,50,0,
50,0,0,0,1,0,2,0,,2,0,4.3,23,50,0,
50,5,2,1,1,5,4,3,,2,3,4.3,36,50,0,
50,0,3,1,,5,4,3,,2,0,4.3,25,50,0,
,,,,,,,,,,,,,,,
,,1,1,1,2,,3,,0,,3.4,41,60,0,2
,,,,,,,1,,,,,,,,
,,,,,,,,,,,,,,,
60,2,1,0,1,2,3,0,,0,0,3.4,,60,0,
,,,,,,,,,,,,,,,
,,2,0,1,0,1,0,,1,,3.4,,60,0,
,,,,,,,,,,,,,,,
,,,,,,,,,,,,,,,
,,,,,,,,,,,,,,,
,,,,,,,,,,,,,,,
60,,3,0,1,1,1,0,,0,,3.4,30,60,,
,0,0,0,1,0,1,,,0,,3.4,,60,0,
,,,,,,,,,,,,,,,
,,,,,,,0,,,,,,,,
60,1,1,1,1,2,4,0,,0,0,3.4,,60,0,
60,3,1,1,1,5,1,1,4,0,0,3.4,40,60,0,
60,3,1,0,1,2,0,0,0,0,0,3.5,,60,0,
110,,,,,,,,,,,,,,,
60,4,1,0,1,1,1,,4,0,,3.4,35,60,0,
,,,,,,,,,,,,,,,
60,2,1,0,1,1,1,0,4,0,0,3.4,23,60,,1
,,,,,,,,,,,,,,,
,,,,,,,,,,,,,,,
,,,,,,,,,,,,,,,
,,,,,,,,,,,,,,,
,,,,,,,,,,,,,,,
,,,,,,,,,,,,,,,
,,,,,,,,,,,,,,,
,,,,,,,,,,,,,,,
,,,,,,,,,,,,,,,
,,,,,,,,,,,,,,,
60,0,1,1,1,0,1,0,0,0,0,3.4,21,60,0,
,,,,,,,,,,,,,,,
,,,,,,,,,,,,,,,
60,0,0,0,1,2,2,3,0,0,0,3.4,25,60,0,2
60,1,3,0,1,1,1,0,,0,0,3.4,20,60,0,
